asset_id,github_asset_url,old_filename,upload_filename,youtube_url,reference_paths
0136fd7d-cbb7-42d8-9404-8e64bf597e86,https://github.com/user-attachments/assets/0136fd7d-cbb7-42d8-9404-8e64bf597e86,403084726-a3aa6080-7036-426f-a231-73327fb73128.webm,asset_0136fd7d-cbb7-42d8-9404-8e64bf597e86.webm,https://www.youtube.com/watch?v=nuIlVDHqIsI,2 🏔️ Landscape/1 💼 Business landscape/01 🕵 Profiling landscape/05 📺 Medical records.md
020729fa-ba49-415e-8f29-c1601a0bb09a,https://github.com/user-attachments/assets/020729fa-ba49-415e-8f29-c1601a0bb09a,387418378-4c9beba2-1c03-4d83-bf6f-0651c1957f10.webm,asset_020729fa-ba49-415e-8f29-c1601a0bb09a.webm,https://www.youtube.com/watch?v=g6iopz7SSQA,2 🏔️ Landscape/2 🧑‍🦰 User landscape/10 🤖 Agentic AI landscape/06 📺 Agentic AI tech.md
023fe227-4c03-4dd9-9063-b6406468e34d,https://github.com/user-attachments/assets/023fe227-4c03-4dd9-9063-b6406468e34d,379500160-58a947c5-8ce9-4b60-8ad5-17c88791a33f.webm,asset_023fe227-4c03-4dd9-9063-b6406468e34d.webm,https://www.youtube.com/watch?v=qoY5P_17aNk,2 🏔️ Landscape/2 🧑‍🦰 User landscape/03 🛂 Travel ID landscape/05 📺 IATA's digital ID.md
0277deb5-2c6a-4964-90c1-1e72401052fd,https://github.com/user-attachments/assets/0277deb5-2c6a-4964-90c1-1e72401052fd,379488354-9c9827e7-bee5-4d95-9139-929a350a0b91.webm,asset_0277deb5-2c6a-4964-90c1-1e72401052fd.webm,https://www.youtube.com/watch?v=53OBSAqLbL4,2 🏔️ Landscape/2 🧑‍🦰 User landscape/04 🆔 Digital ID landscape/05 📺 🇦🇺 Australia's DID.md
028a2e0b-a15e-4170-8dcc-d72011bb1def,https://github.com/user-attachments/assets/028a2e0b-a15e-4170-8dcc-d72011bb1def,404409734-e0c66c5d-c32c-4578-ab26-92941a4f8560.webm,asset_028a2e0b-a15e-4170-8dcc-d72011bb1def.webm,https://www.youtube.com/watch?v=-txxWWe4Res,2 🏔️ Landscape/1 💼 Business landscape/03 🔎 Searching landscape/02 📺 Google on iPhones.md
02a04726-91f2-4397-b562-b043dcabe92b,https://github.com/user-attachments/assets/02a04726-91f2-4397-b562-b043dcabe92b,404704369-f81c6dab-5d6d-4dc3-9afe-b9246416428f.webm,asset_02a04726-91f2-4397-b562-b043dcabe92b.webm,https://www.youtube.com/watch?v=VdhBmwr_5uM,2 🏔️ Landscape/1 💼 Business landscape/11 🔆 Scanning landscape/16 📺 NFC dynamic url.md
032ea0f1-35bf-496c-8807-49390f80f605,https://github.com/user-attachments/assets/032ea0f1-35bf-496c-8807-49390f80f605,401284720-5d94b414-a792-471a-9fc0-31f624dd4c11.webm,asset_032ea0f1-35bf-496c-8807-49390f80f605.webm,https://www.youtube.com/watch?v=bjePnwxaKp8,2 🏔️ Landscape/2 🧑‍🦰 User landscape/01 🛰️ Connectivity landscape/01 📺 Starlink @ remote areas.md
03dcd19a-b61e-42f0-bbcd-460171fd1a74,https://github.com/user-attachments/assets/03dcd19a-b61e-42f0-bbcd-460171fd1a74,403617145-018a3bdd-abd1-44cb-b12d-5526aa774ffd.webm,asset_03dcd19a-b61e-42f0-bbcd-460171fd1a74.webm,https://www.youtube.com/watch?v=ZM4insEPyqk,2 🏔️ Landscape/2 🧑‍🦰 User landscape/02 🧢 Personalization landscape/08 📺 SSI zero knowledge proof.md
0497b89f-bd5e-408c-a79d-57cdde683f30,https://github.com/user-attachments/assets/0497b89f-bd5e-408c-a79d-57cdde683f30,405773597-3efbfd6c-85b8-4c7b-a7c8-d6cffc953128.webm,asset_0497b89f-bd5e-408c-a79d-57cdde683f30.webm,https://www.youtube.com/watch?v=3m-H6qzejn4,2 🏔️ Landscape/1 💼 Business landscape/10 💬 Chatting landscape/05 📺 Walmart.md
049894ab-de98-4b97-909c-968f7df49ac1,https://github.com/user-attachments/assets/049894ab-de98-4b97-909c-968f7df49ac1,415685768-ee6e1cc0-04ac-4d0f-8e53-2c215e2fdc31.webm,asset_049894ab-de98-4b97-909c-968f7df49ac1.webm,https://www.youtube.com/watch?v=fBhVO-lWXGA,2 🏔️ Landscape/3 🌳 Ambient landscape/05 🧠 Brain Interfaces/02 📺 🇺🇸 US.md
05298ad5-e859-4852-bc30-80dc057c06a3,https://github.com/user-attachments/assets/05298ad5-e859-4852-bc30-80dc057c06a3,404706917-a7339bfb-d4f9-4615-bbd6-b346b2ef6ca5.webm,asset_05298ad5-e859-4852-bc30-80dc057c06a3.webm,https://www.youtube.com/watch?v=ohwfXT52lU8,2 🏔️ Landscape/3 🌳 Ambient landscape/01 🏡 Smart Homes/08 📺 Air charge vision.md
05408e82-437b-4a43-a61d-446f433ba73c,https://github.com/user-attachments/assets/05408e82-437b-4a43-a61d-446f433ba73c,406753420-9d09afb3-e895-4081-a99a-5576dda64990.webm,asset_05408e82-437b-4a43-a61d-446f433ba73c.webm,https://www.youtube.com/watch?v=tkPfA0-_H7Q,2 🏔️ Landscape/3 🌳 Ambient landscape/03 ❤️ Smart Health/07 📺 Whoop wearable.md
05d2ab10-79de-481b-8586-0038fe0f1f3b,https://github.com/user-attachments/assets/05d2ab10-79de-481b-8586-0038fe0f1f3b,400240484-89bccbe1-ac4a-455c-96b7-bd831145e3c5.webm,asset_05d2ab10-79de-481b-8586-0038fe0f1f3b.webm,https://www.youtube.com/watch?v=Ceu01LoUSeM,2 🏔️ Landscape/1 💼 Business landscape/05 💳 Payments landscape/07 📺 🇪🇺 Europe's EPI.md
0616d949-9ebb-4277-bbef-682cdc9c66c6,https://github.com/user-attachments/assets/0616d949-9ebb-4277-bbef-682cdc9c66c6,403101450-75fb914f-6c60-42ed-b40c-480110123456.webm,asset_0616d949-9ebb-4277-bbef-682cdc9c66c6.webm,https://www.youtube.com/watch?v=64IkBiVed6g,2 🏔️ Landscape/1 💼 Business landscape/02 🏳️ Sovereignty landscape/02 📺 Cambridge Analytica.md
076fd770-87d8-48f8-9a75-6608aecd2c9f,https://github.com/user-attachments/assets/076fd770-87d8-48f8-9a75-6608aecd2c9f,380150229-5780ca3a-697f-4042-9f4a-f43722ca191d.webm,asset_076fd770-87d8-48f8-9a75-6608aecd2c9f.webm,https://www.youtube.com/watch?v=BbQIxDETuJg,2 🏔️ Landscape/1 💼 Business landscape/06 📂 App pay landscape/13 📺 🇧🇷 P2P PIX WhatsApp.md
0a881f4a-503f-4d4f-bc10-35e01c943e62,https://github.com/user-attachments/assets/0a881f4a-503f-4d4f-bc10-35e01c943e62,403584001-ad355b7c-ed9d-4369-82db-497b3c721e55.webm,asset_0a881f4a-503f-4d4f-bc10-35e01c943e62.webm,https://www.youtube.com/watch?v=WsWHOgHTCq8,2 🏔️ Landscape/1 💼 Business landscape/02 🏳️ Sovereignty landscape/09 📺 Sovereignty @ Azure.md
0ab5d5c7-0912-4285-96fb-7f43715ec9ac,https://github.com/user-attachments/assets/0ab5d5c7-0912-4285-96fb-7f43715ec9ac,100mb-403090857-b48dff0c-f03d-46c4-bb96-4fb18870b7db.webm,asset_0ab5d5c7-0912-4285-96fb-7f43715ec9ac.webm,https://www.youtube.com/watch?v=ym7K7Hvnwbs,2 🏔️ Landscape/1 💼 Business landscape/02 🏳️ Sovereignty landscape/03 📺 🇨🇳 SharpEyes project.md
0c16a852-2765-419f-bdd9-7a654868b063,https://github.com/user-attachments/assets/0c16a852-2765-419f-bdd9-7a654868b063,400380611-decd6d0a-b4b8-4331-9968-8899a0c83298.webm,asset_0c16a852-2765-419f-bdd9-7a654868b063.webm,https://www.youtube.com/watch?v=xpHhgNqhzNA,2 🏔️ Landscape/1 💼 Business landscape/05 💳 Payments landscape/05 📺 🇧🇷 Brazil's Pix.md
0d671b0b-c443-45cf-b5b3-68bfb5491587,https://github.com/user-attachments/assets/0d671b0b-c443-45cf-b5b3-68bfb5491587,LNfPQ4d570g_00-15-03-00-17-50.webm,asset_0d671b0b-c443-45cf-b5b3-68bfb5491587.webm,https://www.youtube.com/watch?v=UbV_Lt9zek0,2 🏔️ Landscape/1 💼 Business landscape/02 🏳️ Sovereignty landscape/11 📺 Sovereignty @ Gartner.md
0d8addab-fcb5-4342-9733-f491e3764d30,https://github.com/user-attachments/assets/0d8addab-fcb5-4342-9733-f491e3764d30,403099063-0e8e5a9f-881a-42e6-abbd-9a3a2c5848ea.webm,asset_0d8addab-fcb5-4342-9733-f491e3764d30.webm,https://www.youtube.com/watch?v=UbwB2zSKBKU,2 🏔️ Landscape/1 💼 Business landscape/01 🕵 Profiling landscape/07 📺 Auto makers.md
0da07995-dc61-4904-818c-39544d3d8071,https://github.com/user-attachments/assets/0da07995-dc61-4904-818c-39544d3d8071,404704224-eb3685e1-3cb7-4311-b0ac-7bd8530cc85f.webm,asset_0da07995-dc61-4904-818c-39544d3d8071.webm,https://www.youtube.com/watch?v=l8H98iAFWc8,2 🏔️ Landscape/1 💼 Business landscape/11 🔆 Scanning landscape/02 📺 Personalization.md
0dc18685-1639-4705-9ea5-a5bfbd3be258,https://github.com/user-attachments/assets/0dc18685-1639-4705-9ea5-a5bfbd3be258,406696453-00a3f142-79af-48b6-b964-3411b950e5f9.webm,asset_0dc18685-1639-4705-9ea5-a5bfbd3be258.webm,https://www.youtube.com/watch?v=iUnbJ0bOXGc,2 🏔️ Landscape/3 🌳 Ambient landscape/02 🔑 Smart Keys/09 📺 Enterprise access.md
0e817813-b2e7-4ca3-9447-72513cea0b8d,https://github.com/user-attachments/assets/0e817813-b2e7-4ca3-9447-72513cea0b8d,404598254-13bf1d9d-5cbf-4c88-bdc8-260d978c793b.webm,asset_0e817813-b2e7-4ca3-9447-72513cea0b8d.webm,https://www.youtube.com/watch?v=VBEuxTYbvM8,2 🏔️ Landscape/2 🧑‍🦰 User landscape/09 🔏 Signatures landscape/03 📺 Signature mechanisms.md
0f5c8070-e53c-4d1c-a59f-38827e9ff5e2,https://github.com/user-attachments/assets/0f5c8070-e53c-4d1c-a59f-38827e9ff5e2,406431990-f4b9f769-682f-4d75-9326-b3dffbc6ce01.webm,asset_0f5c8070-e53c-4d1c-a59f-38827e9ff5e2.webm,https://www.youtube.com/watch?v=Zo2zjS8DyXs,2 🏔️ Landscape/1 💼 Business landscape/11 🔆 Scanning landscape/08 📺 Google's Risk API.md
0fe3bb17-5e35-40dc-9ef8-b697e4dce087,https://github.com/user-attachments/assets/0fe3bb17-5e35-40dc-9ef8-b697e4dce087,380419650-3e521166-6807-4c4e-b996-9a3f65370e30.webm,asset_0fe3bb17-5e35-40dc-9ef8-b697e4dce087.webm,https://www.youtube.com/watch?v=X7G1OaM-DmM,2 🏔️ Landscape/1 💼 Business landscape/07 🖐️ Palm pay landscape/01 📺 🇨🇳 Tencent palm.md
102f2fe7-9e9c-4772-ab2d-956c86eaed77,https://github.com/user-attachments/assets/102f2fe7-9e9c-4772-ab2d-956c86eaed77,01 📺 Browser cookies__102f2fe7-9e9c-4772-ab2d-956c86eaed77.webm,asset_102f2fe7-9e9c-4772-ab2d-956c86eaed77.webm,https://www.youtube.com/watch?v=vfgbCRWy7-0,2 🏔️ Landscape/1 💼 Business landscape/01 🕵 Profiling landscape/01 📺 Browser cookies.md
1131f040-34e9-47ed-87a6-c3382dd85543,https://github.com/user-attachments/assets/1131f040-34e9-47ed-87a6-c3382dd85543,415686212-a22904ab-e7b2-4db5-943c-3caf3992d6e1.webm,asset_1131f040-34e9-47ed-87a6-c3382dd85543.webm,https://www.youtube.com/watch?v=X2xc0ojOn08,2 🏔️ Landscape/3 🌳 Ambient landscape/04 😎 Smart glasses/02 📺 🇨🇳 China.md
11a49fff-33a7-4dde-852f-462d253d4c26,https://github.com/user-attachments/assets/11a49fff-33a7-4dde-852f-462d253d4c26,404697094-61ad138e-fb92-42d8-8813-b5dad94343b4.webm,asset_11a49fff-33a7-4dde-852f-462d253d4c26.webm,https://www.youtube.com/watch?v=xUKMiFmm_qg,2 🏔️ Landscape/2 🧑‍🦰 User landscape/10 🤖 Agentic AI landscape/02 📺 Google restaurant.md
129aa285-119b-4ff7-8a03-d783607ad532,https://github.com/user-attachments/assets/129aa285-119b-4ff7-8a03-d783607ad532,400878481-5d577f07-812e-4efa-a5cc-d4a494c20f32.webm,asset_129aa285-119b-4ff7-8a03-d783607ad532.webm,https://www.youtube.com/watch?v=nOQtz4iVyXo,2 🏔️ Landscape/1 💼 Business landscape/09 🛒 Shopping landscape/04 📺 🇨🇳 WeChat programs.md
136e9dc8-424a-4d8b-85ee-a0119a993545,https://github.com/user-attachments/assets/136e9dc8-424a-4d8b-85ee-a0119a993545,400167096-8ba79f61-e10a-43b8-88d8-5bfc33b40c8e.webm,asset_136e9dc8-424a-4d8b-85ee-a0119a993545.webm,https://www.youtube.com/watch?v=PcTbvoYRNKM,2 🏔️ Landscape/2 🧑‍🦰 User landscape/06 👮 Supervised ID landscape/08 📺 🇪🇸 CaixaBank ATMs.md
14549d10-e28e-46f8-a17c-21e92696ef14,https://github.com/user-attachments/assets/14549d10-e28e-46f8-a17c-21e92696ef14,406147467-bb292eb3-0973-46ca-91ce-7337ca28a195.webm,asset_14549d10-e28e-46f8-a17c-21e92696ef14.webm,https://www.youtube.com/watch?v=5O07MRZ4Yow,2 🏔️ Landscape/2 🧑‍🦰 User landscape/10 🤖 Agentic AI landscape/11 📺 NVIDIA agentic AI.md
14dc74ac-e78a-4cf8-87c6-35b011ebb933,https://github.com/user-attachments/assets/14dc74ac-e78a-4cf8-87c6-35b011ebb933,379484962-356a0323-e593-48dc-bf01-c8636c38e370.webm,asset_14dc74ac-e78a-4cf8-87c6-35b011ebb933.webm,https://www.youtube.com/watch?v=QWgc5LdfgiA,2 🏔️ Landscape/2 🧑‍🦰 User landscape/04 🆔 Digital ID landscape/13 📺 🇬🇧 UK's DID.md
1591470e-d654-4ea0-b090-03b072394a34,https://github.com/user-attachments/assets/1591470e-d654-4ea0-b090-03b072394a34,403082664-e88d0b75-d90b-420c-8427-9d599b20d38c.webm,asset_1591470e-d654-4ea0-b090-03b072394a34.webm,https://www.youtube.com/watch?v=1KMMcPIWb9g,2 🏔️ Landscape/1 💼 Business landscape/02 🏳️ Sovereignty landscape/06 📺 🇨🇳 China's privacy law.md
15b558ec-e2e8-4c50-a753-ffd33d94a2a2,https://github.com/user-attachments/assets/15b558ec-e2e8-4c50-a753-ffd33d94a2a2,404680912-5ce068d4-c1a2-40c0-ae09-1a1b73aadb3b.webm,asset_15b558ec-e2e8-4c50-a753-ffd33d94a2a2.webm,https://www.youtube.com/watch?v=v6CRM7ktVh0,2 🏔️ Landscape/2 🧑‍🦰 User landscape/07 🧑‍💻 Unsupervised ID landscape/05 📺 Apple Face ID.md
1660fe13-0b49-4f3e-b1f9-39adbb1ea83a,https://github.com/user-attachments/assets/1660fe13-0b49-4f3e-b1f9-39adbb1ea83a,404069996-0b7172f1-f0e4-4c10-a620-237eca5db233.webm,asset_1660fe13-0b49-4f3e-b1f9-39adbb1ea83a.webm,https://www.youtube.com/watch?v=Qs1sqvYUYs0,2 🏔️ Landscape/1 💼 Business landscape/04 👀 Advertising landscape/07 📺 Do-not-track button.md
1833e40a-9f78-4a4d-b3ca-1e99de537f95,https://github.com/user-attachments/assets/1833e40a-9f78-4a4d-b3ca-1e99de537f95,403167457-bfa8de0f-1f0e-49b0-b78b-76937a6909c4.webm,asset_1833e40a-9f78-4a4d-b3ca-1e99de537f95.webm,https://www.youtube.com/watch?v=tiOuZNxSwcI,2 🏔️ Landscape/1 💼 Business landscape/01 🕵 Profiling landscape/16 📺 🇨🇳 Social credit.md
1865eda7-0142-4e41-a57d-84fda1ff7c49,https://github.com/user-attachments/assets/1865eda7-0142-4e41-a57d-84fda1ff7c49,404683902-2f8bc8de-b73d-4ee9-b2d1-edd0b884c634.webm,asset_1865eda7-0142-4e41-a57d-84fda1ff7c49.webm,https://www.youtube.com/watch?v=vMEc4xLcYv4,2 🏔️ Landscape/2 🧑‍🦰 User landscape/07 🧑‍💻 Unsupervised ID landscape/06 📺 Apple's security.md
186616a8-db3a-47cc-ab49-7c6f1c2a2371,https://github.com/user-attachments/assets/186616a8-db3a-47cc-ab49-7c6f1c2a2371,403617661-818cffa6-4f6d-4a26-bd85-7f01f4f95154.webm,asset_186616a8-db3a-47cc-ab49-7c6f1c2a2371.webm,https://www.youtube.com/watch?v=SOtlrAZfw58,2 🏔️ Landscape/2 🧑‍🦰 User landscape/02 🧢 Personalization landscape/09 📺 Passwordless login.md
193b213d-a8fd-4f97-b9d0-6c32978bd268,https://github.com/user-attachments/assets/193b213d-a8fd-4f97-b9d0-6c32978bd268,00 🔑 Smart Keys__193b213d-a8fd-4f97-b9d0-6c32978bd268.webm,asset_193b213d-a8fd-4f97-b9d0-6c32978bd268.webm,https://www.youtube.com/watch?v=YllGzaPLe6U,2 🏔️ Landscape/3 🌳 Ambient landscape/02 🔑 Smart Keys/00 🔑 Smart Keys.md
19da5e5b-3b98-490b-a011-3732d3c8fc09,https://github.com/user-attachments/assets/19da5e5b-3b98-490b-a011-3732d3c8fc09,401287343-dda8d30b-028e-401d-be97-15298ed1a500.webm,asset_19da5e5b-3b98-490b-a011-3732d3c8fc09.webm,https://www.youtube.com/watch?v=AH90YZHAlw4,2 🏔️ Landscape/2 🧑‍🦰 User landscape/01 🛰️ Connectivity landscape/02 📺 Starlink @ airplanes.md
1a343784-e31e-4e78-ae81-b01d4378c40a,https://github.com/user-attachments/assets/1a343784-e31e-4e78-ae81-b01d4378c40a,405786141-3449a1e7-80a9-4060-8352-029c35a302fb.webm,asset_1a343784-e31e-4e78-ae81-b01d4378c40a.webm,https://www.youtube.com/watch?v=ZAQ6O1cJ5lU,2 🏔️ Landscape/2 🧑‍🦰 User landscape/04 🆔 Digital ID landscape/15 📺 🇺🇸 US' resident e-card.md
1d307208-0ebc-4770-87ea-24966ff6b1d0,https://github.com/user-attachments/assets/1d307208-0ebc-4770-87ea-24966ff6b1d0,404706905-45154775-aed5-41d0-b64b-2a44bd05440c.webm,asset_1d307208-0ebc-4770-87ea-24966ff6b1d0.webm,https://www.youtube.com/watch?v=gnRNg5R1wkI,2 🏔️ Landscape/3 🌳 Ambient landscape/01 🏡 Smart Homes/10 📺 Air charge distance.md
1d67c556-f5e9-458e-ad64-ff1f7ac93c63,https://github.com/user-attachments/assets/1d67c556-f5e9-458e-ad64-ff1f7ac93c63,403086696-c179cedc-eba5-4e7a-b5a1-e569dbf6238c.webm,asset_1d67c556-f5e9-458e-ad64-ff1f7ac93c63.webm,https://www.youtube.com/watch?v=Y4ToUo6X4T8,2 🏔️ Landscape/1 💼 Business landscape/02 🏳️ Sovereignty landscape/05 📺 Internet gov.md
1ebe2723-395a-4349-a4f3-825be5287a58,https://github.com/user-attachments/assets/1ebe2723-395a-4349-a4f3-825be5287a58,400041454-9b471338-d535-451f-ac81-1a89c88d59d8.webm,asset_1ebe2723-395a-4349-a4f3-825be5287a58.webm,https://www.youtube.com/watch?v=TrM7GtmzL2A,2 🏔️ Landscape/2 🧑‍🦰 User landscape/04 🆔 Digital ID landscape/11 📺 🇪🇸 Spain's e-certificates.md
2002b01e-7257-47fe-bbc2-a41a425f3145,https://github.com/user-attachments/assets/2002b01e-7257-47fe-bbc2-a41a425f3145,400794639-48aee640-5a90-4f9b-a901-aafc4c08188f.webm,asset_2002b01e-7257-47fe-bbc2-a41a425f3145.webm,https://www.youtube.com/watch?v=hNZYEqk2bpc,2 🏔️ Landscape/2 🧑‍🦰 User landscape/08 🔐 Passwordless ID landscape/01 📺 Why drop passwords.md
20a52070-344b-4d7f-9bb9-5450ac30d7b8,https://github.com/user-attachments/assets/20a52070-344b-4d7f-9bb9-5450ac30d7b8,100mb-400409331-3ab11f3b-dd26-4793-86c6-adc360aaeb53.webm,asset_20a52070-344b-4d7f-9bb9-5450ac30d7b8.webm,https://www.youtube.com/watch?v=aeuOCwvX9kE,2 🏔️ Landscape/1 💼 Business landscape/06 📂 App pay landscape/15 📺 🇺🇸 P2P Square.md
22d38d84-25d2-4a45-9270-755404a6bd8e,https://github.com/user-attachments/assets/22d38d84-25d2-4a45-9270-755404a6bd8e,379540771-39d17d37-090b-477a-ab39-7d6b5dbe9c8f.webm,asset_22d38d84-25d2-4a45-9270-755404a6bd8e.webm,https://www.youtube.com/watch?v=tmVE-T0zleY,2 🏔️ Landscape/2 🧑‍🦰 User landscape/05 📂 ID Wallets landscape/07 📺 Samsung Wallet.md
2337609a-a49f-4495-b439-4dd729dc661d,https://github.com/user-attachments/assets/2337609a-a49f-4495-b439-4dd729dc661d,00 🔑 Smart Keys__2337609a-a49f-4495-b439-4dd729dc661d.webm,asset_2337609a-a49f-4495-b439-4dd729dc661d.webm,https://www.youtube.com/watch?v=3Y441MivVKo,2 🏔️ Landscape/3 🌳 Ambient landscape/02 🔑 Smart Keys/00 🔑 Smart Keys.md
23893ed4-f733-46b5-9f25-71984aafce8f,https://github.com/user-attachments/assets/23893ed4-f733-46b5-9f25-71984aafce8f,406619761-ede99543-6cb6-48cc-83fb-4facf7b5fb1c.webm,asset_23893ed4-f733-46b5-9f25-71984aafce8f.webm,https://www.youtube.com/watch?v=q2RhHlcqEi0,2 🏔️ Landscape/2 🧑‍🦰 User landscape/05 📂 ID Wallets landscape/05 📺 Apple Wallet.md
26c668e6-e255-4d35-9da4-c85a3f91203e,https://github.com/user-attachments/assets/26c668e6-e255-4d35-9da4-c85a3f91203e,379922413-01c42d7e-90c0-449a-bdb4-92a2e8e6096f.webm,asset_26c668e6-e255-4d35-9da4-c85a3f91203e.webm,https://www.youtube.com/watch?v=QfXvPhXB390,2 🏔️ Landscape/2 🧑‍🦰 User landscape/08 🔐 Passwordless ID landscape/03 📺 Google passkeys.md
278aacdb-682d-4c37-acb6-2604c87ff185,https://github.com/user-attachments/assets/278aacdb-682d-4c37-acb6-2604c87ff185,07 📺 Top smart locks__278aacdb-682d-4c37-acb6-2604c87ff185.webm,asset_278aacdb-682d-4c37-acb6-2604c87ff185.webm,https://www.youtube.com/watch?v=OClJlKoip9U,2 🏔️ Landscape/3 🌳 Ambient landscape/02 🔑 Smart Keys/07 📺 Top smart locks.md
282e4e73-a2b8-4c19-8195-51e8736e45d5,https://github.com/user-attachments/assets/282e4e73-a2b8-4c19-8195-51e8736e45d5,04 📺 Google's vision__282e4e73-a2b8-4c19-8195-51e8736e45d5.webm,asset_282e4e73-a2b8-4c19-8195-51e8736e45d5.webm,https://www.youtube.com/watch?v=3sWa-y1jaiU,2 🏔️ Landscape/3 🌳 Ambient landscape/01 🏡 Smart Homes/04 📺 Google's vision.md
288a88a9-549f-4972-8225-c6c9b171c0b1,https://github.com/user-attachments/assets/288a88a9-549f-4972-8225-c6c9b171c0b1,404082137-52d8a335-71e9-49f9-b44c-d63c2e5d9a6d.webm,asset_288a88a9-549f-4972-8225-c6c9b171c0b1.webm,https://www.youtube.com/watch?v=Zw3DBgwViVU,2 🏔️ Landscape/1 💼 Business landscape/04 👀 Advertising landscape/09 📺 Google Sandbox.md
291d8769-8aad-4e74-9b4d-7a010072f7ee,https://github.com/user-attachments/assets/291d8769-8aad-4e74-9b4d-7a010072f7ee,01 📺 🇺🇸 PRISM scandal__291d8769-8aad-4e74-9b4d-7a010072f7ee.webm,asset_291d8769-8aad-4e74-9b4d-7a010072f7ee.webm,https://www.youtube.com/watch?v=FugarZGME5A,2 🏔️ Landscape/1 💼 Business landscape/02 🏳️ Sovereignty landscape/01 📺 🇺🇸 PRISM scandal.md
296292f0-3cdb-4617-bc26-5de734c00d25,https://github.com/user-attachments/assets/296292f0-3cdb-4617-bc26-5de734c00d25,404604551-d8e8f940-da58-43ac-84cb-76011be4e2fa.webm,asset_296292f0-3cdb-4617-bc26-5de734c00d25.webm,https://www.youtube.com/watch?v=dTTw_3I6x5s,2 🏔️ Landscape/1 💼 Business landscape/02 🏳️ Sovereignty landscape/01 📺 🇺🇸 PRISM scandal.md
2bc02261-21ff-460b-8853-dbc249121fb1,https://github.com/user-attachments/assets/2bc02261-21ff-460b-8853-dbc249121fb1,400398049-f6dd6394-dbab-491a-b832-e931eed99509.webm,asset_2bc02261-21ff-460b-8853-dbc249121fb1.webm,https://www.youtube.com/watch?v=wb52lpfk_qI,2 🏔️ Landscape/1 💼 Business landscape/05 💳 Payments landscape/09 📺 🇵🇹 Portugal's MBWay.md
2cd6eb95-3af6-48b0-988e-e62d3c19bd18,https://github.com/user-attachments/assets/2cd6eb95-3af6-48b0-988e-e62d3c19bd18,415686513-b3273b95-12a7-4858-9223-7479c4fc1d31.webm,asset_2cd6eb95-3af6-48b0-988e-e62d3c19bd18.webm,https://www.youtube.com/watch?v=3RrCxrny-1I,2 🏔️ Landscape/3 🌳 Ambient landscape/05 🧠 Brain Interfaces/05 📺 Neuralink.md
2d8727d0-cb4b-46f8-854e-58ff6cd8ad96,https://github.com/user-attachments/assets/2d8727d0-cb4b-46f8-854e-58ff6cd8ad96,380451349-5c63e8d4-8144-488f-b7a1-da73edf5852c.webm,asset_2d8727d0-cb4b-46f8-854e-58ff6cd8ad96.webm,https://www.youtube.com/watch?v=B024SMFGg-Q,2 🏔️ Landscape/1 💼 Business landscape/05 💳 Payments landscape/10 📺 🇺🇸 Apple vs Banks.md
2feccbdd-6205-4fd1-8af9-831274a89455,https://github.com/user-attachments/assets/2feccbdd-6205-4fd1-8af9-831274a89455,404082654-3c0c6fe2-20cc-4825-b64f-6a3e59fcaf70.webm,asset_2feccbdd-6205-4fd1-8af9-831274a89455.webm,https://www.youtube.com/watch?v=YiXcYwJFs18,2 🏔️ Landscape/1 💼 Business landscape/04 👀 Advertising landscape/14 📺 Apple's ATT.md
315ee2f5-fa9a-4810-9485-d65aabb8e3e9,https://github.com/user-attachments/assets/315ee2f5-fa9a-4810-9485-d65aabb8e3e9,404706890-e646c02d-1e73-4f72-b891-feef8d472f62.webm,asset_315ee2f5-fa9a-4810-9485-d65aabb8e3e9.webm,https://www.youtube.com/watch?v=jXcE8c8zDdU,2 🏔️ Landscape/3 🌳 Ambient landscape/01 🏡 Smart Homes/11 📺 Air charge cost.md
31f46302-bb46-4cff-8514-0954b2cd607e,https://github.com/user-attachments/assets/31f46302-bb46-4cff-8514-0954b2cd607e,400395244-49df5b82-b347-4a12-8892-7138996b5499.webm,asset_31f46302-bb46-4cff-8514-0954b2cd607e.webm,https://www.youtube.com/watch?v=KP2NdLKMIas,2 🏔️ Landscape/2 🧑‍🦰 User landscape/04 🆔 Digital ID landscape/08 📺 🇪🇺 EU's DID Wallet.md
32ca1990-12d7-4a84-800c-ef4498307e6f,https://github.com/user-attachments/assets/32ca1990-12d7-4a84-800c-ef4498307e6f,406619847-e9874d89-b7b3-4031-8329-b6e621ca4547.webm,asset_32ca1990-12d7-4a84-800c-ef4498307e6f.webm,https://www.youtube.com/watch?v=bP564EfVuTU,2 🏔️ Landscape/1 💼 Business landscape/11 🔆 Scanning landscape/17 📺 Apple's App Clips.md
33dcf5c1-f120-491f-b8ea-4a0f5eb6ce69,https://github.com/user-attachments/assets/33dcf5c1-f120-491f-b8ea-4a0f5eb6ce69,100mb-380800691-8788247c-f23a-4950-becd-77478f489726.webm,asset_33dcf5c1-f120-491f-b8ea-4a0f5eb6ce69.webm,https://www.youtube.com/watch?v=58dfDzz8RUA,2 🏔️ Landscape/1 💼 Business landscape/06 📂 App pay landscape/04 📺 🇺🇸 PayPal.md
346cdc1e-08b4-4d26-8557-a74e181ccade,https://github.com/user-attachments/assets/346cdc1e-08b4-4d26-8557-a74e181ccade,404474550-4d7ae82e-e28a-4f93-a7c8-328d74a6c92a.webm,asset_346cdc1e-08b4-4d26-8557-a74e181ccade.webm,https://www.youtube.com/watch?v=qaiboKz37uM,2 🏔️ Landscape/2 🧑‍🦰 User landscape/07 🧑‍💻 Unsupervised ID landscape/09 📺 Amazon liveness.md
34affe7f-78a3-40ae-84e0-3aedeb2ffa31,https://github.com/user-attachments/assets/34affe7f-78a3-40ae-84e0-3aedeb2ffa31,403617428-5faa161f-6c6e-4f9d-8a54-cf9708399bc5.webm,asset_34affe7f-78a3-40ae-84e0-3aedeb2ffa31.webm,https://www.youtube.com/watch?v=M9xOOYj3l54,2 🏔️ Landscape/2 🧑‍🦰 User landscape/02 🧢 Personalization landscape/06 📺 SSI form auto filling.md
3523db1f-fdea-479e-85ed-62005f11fd82,https://github.com/user-attachments/assets/3523db1f-fdea-479e-85ed-62005f11fd82,400157122-1a7a657d-4b89-4369-aa15-6e91eb50dd89.webm,asset_3523db1f-fdea-479e-85ed-62005f11fd82.webm,https://www.youtube.com/watch?v=QmnyTI4o67o,2 🏔️ Landscape/2 🧑‍🦰 User landscape/07 🧑‍💻 Unsupervised ID landscape/01 📺 Uber remote ID.md
355c983e-ba74-44c5-86be-101c04a5108b,https://github.com/user-attachments/assets/355c983e-ba74-44c5-86be-101c04a5108b,403178531-146a1296-7052-45bc-8e39-402a024775b0.webm,asset_355c983e-ba74-44c5-86be-101c04a5108b.webm,https://www.youtube.com/watch?v=CyN-Pb7p4LI,2 🏔️ Landscape/1 💼 Business landscape/10 💬 Chatting landscape/02 📺 Tencent chats.md
377829d6-4ad5-4c70-8ebc-f8807600788d,https://github.com/user-attachments/assets/377829d6-4ad5-4c70-8ebc-f8807600788d,420088828-7e9967f7-818b-4ddf-a2d7-f76626c5e279.webm,asset_377829d6-4ad5-4c70-8ebc-f8807600788d.webm,https://www.youtube.com/watch?v=HMsse1OYuKU,2 🏔️ Landscape/2 🧑‍🦰 User landscape/10 🤖 Agentic AI landscape/12 📺 Amazon Alexa+.md
38a799d2-1e24-439d-9ef3-a37cdcfcd8dc,https://github.com/user-attachments/assets/38a799d2-1e24-439d-9ef3-a37cdcfcd8dc,403586468-8c5826aa-2c07-4f03-81f7-a5052be51783.webm,asset_38a799d2-1e24-439d-9ef3-a37cdcfcd8dc.webm,https://www.youtube.com/watch?v=4m2Km80P6fs,2 🏔️ Landscape/1 💼 Business landscape/02 🏳️ Sovereignty landscape/10 📺 Sovereignty @ AWS.md
39084f14-e65b-4fa1-a472-4baa73af7a01,https://github.com/user-attachments/assets/39084f14-e65b-4fa1-a472-4baa73af7a01,00 🔆 Scanning index__39084f14-e65b-4fa1-a472-4baa73af7a01.webm,asset_39084f14-e65b-4fa1-a472-4baa73af7a01.webm,https://www.youtube.com/watch?v=sw7kYeHVhn0,2 🏔️ Landscape/1 💼 Business landscape/11 🔆 Scanning landscape/00 🔆 Scanning index.md
3e00e27c-3229-4954-8fe6-7fcd262e8949,https://github.com/user-attachments/assets/3e00e27c-3229-4954-8fe6-7fcd262e8949,405773691-c72047cc-3631-4d6e-b795-60287c3a2edd.webm,asset_3e00e27c-3229-4954-8fe6-7fcd262e8949.webm,https://www.youtube.com/watch?v=OjIyG_UR-io,2 🏔️ Landscape/3 🌳 Ambient landscape/02 🔑 Smart Keys/01 📺 Metal keys.md
3e3d130f-3b17-4cc3-bd0e-ab16f2739092,https://github.com/user-attachments/assets/3e3d130f-3b17-4cc3-bd0e-ab16f2739092,100mb-379530460-eabc4b8d-43ae-44b5-aff7-7e069f687f13.webm,asset_3e3d130f-3b17-4cc3-bd0e-ab16f2739092.webm,https://www.youtube.com/watch?v=CrTQduoQU-s,2 🏔️ Landscape/2 🧑‍🦰 User landscape/06 👮 Supervised ID landscape/11 📺 Sam Altman's World.md
3e9bf01b-152d-4bd8-8a4e-ba01bead5445,https://github.com/user-attachments/assets/3e9bf01b-152d-4bd8-8a4e-ba01bead5445,420087427-20cb7b73-73a3-4896-953c-dea231ead2a3.webm,asset_3e9bf01b-152d-4bd8-8a4e-ba01bead5445.webm,https://www.youtube.com/watch?v=csMHyKFEsyA,2 🏔️ Landscape/1 💼 Business landscape/04 👀 Advertising landscape/15 📺 Apple's Hide my email.md
3ee1db85-add0-45c4-bea4-48b2b845e665,https://github.com/user-attachments/assets/3ee1db85-add0-45c4-bea4-48b2b845e665,403153498-35b61be0-064c-453a-93e5-e5084e307319.webm,asset_3ee1db85-add0-45c4-bea4-48b2b845e665.webm,https://www.youtube.com/watch?v=7L50JYT0V_c,2 🏔️ Landscape/1 💼 Business landscape/01 🕵 Profiling landscape/12 📺 🇺🇸 Driver's points.md
40a09101-d541-4c2d-aef5-1ed5ed1dbfa6,https://github.com/user-attachments/assets/40a09101-d541-4c2d-aef5-1ed5ed1dbfa6,415686646-2f9891f9-5507-47d2-80ea-67aa31c507a2.webm,asset_40a09101-d541-4c2d-aef5-1ed5ed1dbfa6.webm,https://www.youtube.com/watch?v=5YRr_ay26gU,2 🏔️ Landscape/3 🌳 Ambient landscape/04 😎 Smart glasses/01 📺 🇺🇸 US.md
40e4f7ab-94f0-4ef5-a73b-ba4def479b45,https://github.com/user-attachments/assets/40e4f7ab-94f0-4ef5-a73b-ba4def479b45,420088700-28c4b740-3953-42bf-90bb-67612cb26417.webm,asset_40e4f7ab-94f0-4ef5-a73b-ba4def479b45.webm,https://www.youtube.com/watch?v=FLCSo5UKN-A,2 🏔️ Landscape/2 🧑‍🦰 User landscape/08 🔐 Passwordless ID landscape/09 📺 PKI certificates.md
412f48d2-e12e-4e85-a421-3aa54d0f06bd,https://github.com/user-attachments/assets/412f48d2-e12e-4e85-a421-3aa54d0f06bd,387423652-f049b393-ed8d-4ecc-8f6e-6e15732f436b.webm,asset_412f48d2-e12e-4e85-a421-3aa54d0f06bd.webm,https://www.youtube.com/watch?v=5qGT-ZX7b6A,2 🏔️ Landscape/3 🌳 Ambient landscape/01 🏡 Smart Homes/01 📺 Amazon's vision.md
4370925b-4d62-47f2-857b-671de40a138b,https://github.com/user-attachments/assets/4370925b-4d62-47f2-857b-671de40a138b,406753389-13596c12-b73e-47f2-a226-4df19723400e.webm,asset_4370925b-4d62-47f2-857b-671de40a138b.webm,https://www.youtube.com/watch?v=Lbe1FH1mE6Y,2 🏔️ Landscape/3 🌳 Ambient landscape/03 ❤️ Smart Health/08 📺 Wearables' data.md
43c424e3-b874-4498-8258-234e4b047321,https://github.com/user-attachments/assets/43c424e3-b874-4498-8258-234e4b047321,403083505-8adfd7c0-7671-4f1d-a3a2-af2fc246df38.webm,asset_43c424e3-b874-4498-8258-234e4b047321.webm,https://www.youtube.com/watch?v=rEiXUlHG6pc,2 🏔️ Landscape/1 💼 Business landscape/03 🔎 Searching landscape/08 📺 OpenAI vs Google.md
43fe3190-1a95-4736-bb31-ef2c7566036f,https://github.com/user-attachments/assets/43fe3190-1a95-4736-bb31-ef2c7566036f,404598376-4c1943c1-1f94-40aa-9318-81ab690132c5.webm,asset_43fe3190-1a95-4736-bb31-ef2c7566036f.webm,https://www.youtube.com/watch?v=KnfYavvg66A,2 🏔️ Landscape/2 🧑‍🦰 User landscape/09 🔏 Signatures landscape/04 📺 Docusign EU regulation.md
451d1a04-9cf7-43b2-ab47-01c484809f5e,https://github.com/user-attachments/assets/451d1a04-9cf7-43b2-ab47-01c484809f5e,406619625-b97aa099-046d-46fc-a85f-4de851ef42b6.webm,asset_451d1a04-9cf7-43b2-ab47-01c484809f5e.webm,https://www.youtube.com/watch?v=IOkHzIAiNeM,2 🏔️ Landscape/1 💼 Business landscape/11 🔆 Scanning landscape/06 📺 QR phishing.md
4617a897-0b61-433c-aa8b-bf35032d1ada,https://github.com/user-attachments/assets/4617a897-0b61-433c-aa8b-bf35032d1ada,400533357-c82e2933-d3ad-4e7b-aeb3-0c4f8a7d3ad5.webm,asset_4617a897-0b61-433c-aa8b-bf35032d1ada.webm,https://www.youtube.com/watch?v=LK8frlieviE,2 🏔️ Landscape/1 💼 Business landscape/08 🗓️ Subscriptions landscape/03 📺 Amazon RxPass.md
47141cbc-3d80-4094-b780-8a3b6e1d6ec2,https://github.com/user-attachments/assets/47141cbc-3d80-4094-b780-8a3b6e1d6ec2,400438946-1ec4a114-723c-4c6c-a518-b7243017b060.webm,asset_47141cbc-3d80-4094-b780-8a3b6e1d6ec2.webm,https://www.youtube.com/watch?v=JT1ygaEoVHA,2 🏔️ Landscape/1 💼 Business landscape/06 📂 App pay landscape/10 📺 🇮🇳 Amazon Pay.md
48925ddf-b8e7-4e47-8909-b1a5eabd5653,https://github.com/user-attachments/assets/48925ddf-b8e7-4e47-8909-b1a5eabd5653,406619780-447c855f-50c8-40a4-830c-e059b64eef3c.webm,asset_48925ddf-b8e7-4e47-8909-b1a5eabd5653.webm,https://www.youtube.com/watch?v=Xzjv5AdOwCk,2 🏔️ Landscape/3 🌳 Ambient landscape/02 🔑 Smart Keys/10 📺 Apple Key + BMW.md
49075396-fcc6-4d3f-b514-e9dc4d2aaa88,https://github.com/user-attachments/assets/49075396-fcc6-4d3f-b514-e9dc4d2aaa88,100mb-400434120-a092207a-7adf-45a5-9e54-db60f710e733.webm,asset_49075396-fcc6-4d3f-b514-e9dc4d2aaa88.webm,https://www.youtube.com/watch?v=Ff8Scw5FHgk,2 🏔️ Landscape/1 💼 Business landscape/06 📂 App pay landscape/16 📺 🇧🇷 Nubank.md
4aa0e6a3-b26e-45fa-a1c2-9a7a1781357b,https://github.com/user-attachments/assets/4aa0e6a3-b26e-45fa-a1c2-9a7a1781357b,380792458-a04024df-05a8-42d7-b3fc-2667a1572dc1.webm,asset_4aa0e6a3-b26e-45fa-a1c2-9a7a1781357b.webm,https://www.youtube.com/watch?v=N9Cq5FVl-yo,2 🏔️ Landscape/2 🧑‍🦰 User landscape/05 📂 ID Wallets landscape/06 📺 Google Wallet.md
4b165a8b-e8da-4e06-8535-3f90f09e6a4d,https://github.com/user-attachments/assets/4b165a8b-e8da-4e06-8535-3f90f09e6a4d,420088568-e30dc024-755a-44fc-86a9-8718d7fd9254.webm,asset_4b165a8b-e8da-4e06-8535-3f90f09e6a4d.webm,https://www.youtube.com/watch?v=fw2Ah-RDBZE,2 🏔️ Landscape/2 🧑‍🦰 User landscape/03 🛂 Travel ID landscape/10 📺 W3C VC Ledgers.md
4b428514-5bca-4512-a1e8-42923db9ea6e,https://github.com/user-attachments/assets/4b428514-5bca-4512-a1e8-42923db9ea6e,387428638-ebbbb1a0-fbb2-483e-8ac2-5a1fac5ed2ca.webm,asset_4b428514-5bca-4512-a1e8-42923db9ea6e.webm,https://www.youtube.com/watch?v=V8IOuYCpCqk,2 🏔️ Landscape/3 🌳 Ambient landscape/01 🏡 Smart Homes/15 📺 Matter benefits.md
4b996900-170a-4057-be28-1f044d93ac96,https://github.com/user-attachments/assets/4b996900-170a-4057-be28-1f044d93ac96,402853753-95fa2ebf-6508-451c-8add-0d441f8e7ede.webm,asset_4b996900-170a-4057-be28-1f044d93ac96.webm,https://www.youtube.com/watch?v=PKiovl7LNJk,2 🏔️ Landscape/1 💼 Business landscape/01 🕵 Profiling landscape/02 📺 Social media.md
4bc79387-c662-4deb-86ab-59b7f47626b2,https://github.com/user-attachments/assets/4bc79387-c662-4deb-86ab-59b7f47626b2,406619717-ef12db1c-de3c-4179-92d9-71569aed118e.webm,asset_4bc79387-c662-4deb-86ab-59b7f47626b2.webm,https://www.youtube.com/watch?v=XDW-c9mGnHw,2 🏔️ Landscape/1 💼 Business landscape/11 🔆 Scanning landscape/07 📺 QR scanner.md
4bdc9fde-7b64-4255-9953-b73e971ead52,https://github.com/user-attachments/assets/4bdc9fde-7b64-4255-9953-b73e971ead52,404704381-43cb1d45-77f0-4e04-a227-83187699050b.webm,asset_4bdc9fde-7b64-4255-9953-b73e971ead52.webm,https://www.youtube.com/watch?v=-TwrGVrscu0,2 🏔️ Landscape/1 💼 Business landscape/11 🔆 Scanning landscape/03 📺 QR codes.md
4c8ebc1a-0008-4400-b4fe-5cd371f88392,https://github.com/user-attachments/assets/4c8ebc1a-0008-4400-b4fe-5cd371f88392,400034700-04c7814c-c575-48d9-afbb-8c73759e1a84.webm,asset_4c8ebc1a-0008-4400-b4fe-5cd371f88392.webm,https://www.youtube.com/watch?v=CamY7ORlrg8,2 🏔️ Landscape/2 🧑‍🦰 User landscape/04 🆔 Digital ID landscape/04 📺 Visa on DID.md
4d8de4ff-4371-4117-9273-c844a1ef5725,https://github.com/user-attachments/assets/4d8de4ff-4371-4117-9273-c844a1ef5725,379501438-ec93d658-dc55-4939-b405-4c4407dc4344.webm,asset_4d8de4ff-4371-4117-9273-c844a1ef5725.webm,https://www.youtube.com/watch?v=PHhDYf6kRQs,2 🏔️ Landscape/2 🧑‍🦰 User landscape/03 🛂 Travel ID landscape/01 📺 SITA's digital ID.md
4db44124-1f5d-4c8f-9e31-511cb0d58d8c,https://github.com/user-attachments/assets/4db44124-1f5d-4c8f-9e31-511cb0d58d8c,403617579-ab8688a7-feb7-42f3-9570-e628508acf50.webm,asset_4db44124-1f5d-4c8f-9e31-511cb0d58d8c.webm,https://www.youtube.com/watch?v=5J9USIujIQs,2 🏔️ Landscape/2 🧑‍🦰 User landscape/02 🧢 Personalization landscape/07 📺 SSI selective disclosure.md
4f23359e-7b95-4837-a04c-cc0ea0f4e1eb,https://github.com/user-attachments/assets/4f23359e-7b95-4837-a04c-cc0ea0f4e1eb,07 📺 Top smart locks__4f23359e-7b95-4837-a04c-cc0ea0f4e1eb.webm,asset_4f23359e-7b95-4837-a04c-cc0ea0f4e1eb.webm,https://www.youtube.com/watch?v=O6NlZYepFWs,2 🏔️ Landscape/3 🌳 Ambient landscape/02 🔑 Smart Keys/07 📺 Top smart locks.md
4fbe0c43-695f-4532-87fa-d09ab4db9b60,https://github.com/user-attachments/assets/4fbe0c43-695f-4532-87fa-d09ab4db9b60,fetX12f3Z-I.webm,asset_4fbe0c43-695f-4532-87fa-d09ab4db9b60.webm,https://www.youtube.com/watch?v=A_lV2-nSdY0,2 🏔️ Landscape/2 🧑‍🦰 User landscape/07 🧑‍💻 Unsupervised ID landscape/11 📺 IBM MFA.md
4fc658a7-475e-4b58-8103-2e58f4f2be37,https://github.com/user-attachments/assets/4fc658a7-475e-4b58-8103-2e58f4f2be37,379515367-69bdf80a-2b2d-4c5b-a0f7-b584eb80cc21.webm,asset_4fc658a7-475e-4b58-8103-2e58f4f2be37.webm,https://www.youtube.com/watch?v=XzcLql4GVEg,2 🏔️ Landscape/2 🧑‍🦰 User landscape/05 📂 ID Wallets landscape/01 📺 EU Wallet.md
4fcaf1ab-9681-4440-9814-df6e2a27a5cb,https://github.com/user-attachments/assets/4fcaf1ab-9681-4440-9814-df6e2a27a5cb,404688552-71106733-c6c1-468d-abea-dddd6f71f10b.webm,asset_4fcaf1ab-9681-4440-9814-df6e2a27a5cb.webm,https://www.youtube.com/watch?v=fnHUinSk3iA,2 🏔️ Landscape/3 🌳 Ambient landscape/01 🏡 Smart Homes/03 📺 Gartner's vision.md
50518e79-56e0-4edc-93f4-2656500eea74,https://github.com/user-attachments/assets/50518e79-56e0-4edc-93f4-2656500eea74,07 📺 Top smart locks__50518e79-56e0-4edc-93f4-2656500eea74.webm,asset_50518e79-56e0-4edc-93f4-2656500eea74.webm,https://www.youtube.com/watch?v=hLTNe4oI5NI,2 🏔️ Landscape/3 🌳 Ambient landscape/02 🔑 Smart Keys/07 📺 Top smart locks.md
51658d6d-92c6-4be1-9c35-58a5a88b6ec0,https://github.com/user-attachments/assets/51658d6d-92c6-4be1-9c35-58a5a88b6ec0,415687017-fba9db44-c3da-4278-8f49-a1ea94c24bf3.webm,asset_51658d6d-92c6-4be1-9c35-58a5a88b6ec0.webm,https://www.youtube.com/watch?v=oinUVGtGaOA,2 🏔️ Landscape/3 🌳 Ambient landscape/05 🧠 Brain Interfaces/06 📺 Synchron.md
51d0245a-4e03-4c7c-be8f-011152547ea0,https://github.com/user-attachments/assets/51d0245a-4e03-4c7c-be8f-011152547ea0,406753363-66663b44-b5e4-45e0-8b6b-80b5567abf5d.webm,asset_51d0245a-4e03-4c7c-be8f-011152547ea0.webm,https://www.youtube.com/watch?v=nJmrTsjuOAw,2 🏔️ Landscape/3 🌳 Ambient landscape/03 ❤️ Smart Health/05 📺 Apple Watch.md
564549bb-58c0-4dca-8e76-4bb0d359f8c7,https://github.com/user-attachments/assets/564549bb-58c0-4dca-8e76-4bb0d359f8c7,400165310-d2faf70d-c18a-4299-97aa-7097c8bbd7fb.webm,asset_564549bb-58c0-4dca-8e76-4bb0d359f8c7.webm,https://www.youtube.com/watch?v=-zbJwx8KoRA,2 🏔️ Landscape/2 🧑‍🦰 User landscape/06 👮 Supervised ID landscape/01 📺 Difference.md
5739e7ea-6216-4138-bb7f-053f3c75fdfb,https://github.com/user-attachments/assets/5739e7ea-6216-4138-bb7f-053f3c75fdfb,400046372-4dc89145-c4dc-4fe5-97a9-80e6df1a8425.webm,asset_5739e7ea-6216-4138-bb7f-053f3c75fdfb.webm,https://www.youtube.com/watch?v=wbOTzntGtfA,2 🏔️ Landscape/2 🧑‍🦰 User landscape/04 🆔 Digital ID landscape/10 📺 🇸🇬 Singapore's DID.md
581a4741-43bb-4889-b3a5-0ed33c0b933b,https://github.com/user-attachments/assets/581a4741-43bb-4889-b3a5-0ed33c0b933b,387421807-551a9b9a-6c51-41f8-b71a-93820cb9c8cb.webm,asset_581a4741-43bb-4889-b3a5-0ed33c0b933b.webm,https://www.youtube.com/watch?v=7DlA9OuYZD0,2 🏔️ Landscape/1 💼 Business landscape/06 📂 App pay landscape/11 📺 🇬🇧 Curve.md
5975a987-d6d6-4d48-88e7-49086c8558d2,https://github.com/user-attachments/assets/5975a987-d6d6-4d48-88e7-49086c8558d2,380331237-13eb979a-cc3f-4e2c-8ad4-73fdf2705ea6.webm,asset_5975a987-d6d6-4d48-88e7-49086c8558d2.webm,https://www.youtube.com/watch?v=KukyME61ECs,2 🏔️ Landscape/1 💼 Business landscape/04 👀 Advertising landscape/01 📺 Google Search ads.md
5a81ddd6-360b-4b76-83a8-5f9146c9bbea,https://github.com/user-attachments/assets/5a81ddd6-360b-4b76-83a8-5f9146c9bbea,400162938-870afc94-5108-4b0e-a1ed-468bc27a972b.webm,asset_5a81ddd6-360b-4b76-83a8-5f9146c9bbea.webm,https://www.youtube.com/watch?v=OpgaAHK9hhc,2 🏔️ Landscape/2 🧑‍🦰 User landscape/07 🧑‍💻 Unsupervised ID landscape/02 📺 🇬🇧 Al Rayan Bank UK.md
5ba6c915-b198-41d6-b7fb-60cbe016ee4b,https://github.com/user-attachments/assets/5ba6c915-b198-41d6-b7fb-60cbe016ee4b,404870623-242b9344-9112-4bba-9bee-75ca8b496033.webm,asset_5ba6c915-b198-41d6-b7fb-60cbe016ee4b.webm,https://www.youtube.com/watch?v=tbI_XwyYPBM,2 🏔️ Landscape/3 🌳 Ambient landscape/01 🏡 Smart Homes/12 📺 Air charge security.md
5bce99cb-b64c-4513-8316-895016fd70cd,https://github.com/user-attachments/assets/5bce99cb-b64c-4513-8316-895016fd70cd,379523848-5d329da5-0956-4bbe-b084-f3d249406aac.webm,asset_5bce99cb-b64c-4513-8316-895016fd70cd.webm,https://www.youtube.com/watch?v=mysT7GNBS_g,2 🏔️ Landscape/2 🧑‍🦰 User landscape/06 👮 Supervised ID landscape/09 📺 Amazon One.md
5c54662a-521e-4887-a03a-a40451523fb1,https://github.com/user-attachments/assets/5c54662a-521e-4887-a03a-a40451523fb1,406619650-648188c6-809b-4a97-9601-37785577c5d8.webm,asset_5c54662a-521e-4887-a03a-a40451523fb1.webm,https://www.youtube.com/watch?v=cVteUrcua60,2 🏔️ Landscape/1 💼 Business landscape/11 🔆 Scanning landscape/18 📺 App Clip Codes.md
5c7ba5ba-cb08-499a-8249-aa506a78b0ea,https://github.com/user-attachments/assets/5c7ba5ba-cb08-499a-8249-aa506a78b0ea,387417469-38915ef4-f532-4ae0-93e6-d4360227b201.webm,asset_5c7ba5ba-cb08-499a-8249-aa506a78b0ea.webm,https://www.youtube.com/watch?v=VqYx-leunpA,2 🏔️ Landscape/2 🧑‍🦰 User landscape/10 🤖 Agentic AI landscape/10 📺 Microsoft agents.md
5d0906da-8d5c-4160-870e-3c7834c2c470,https://github.com/user-attachments/assets/5d0906da-8d5c-4160-870e-3c7834c2c470,403459273-e709e06f-234a-4e01-adb8-d1ffcd5f3f2b.webm,asset_5d0906da-8d5c-4160-870e-3c7834c2c470.webm,https://www.youtube.com/watch?v=AnFA35RGDIM,2 🏔️ Landscape/1 💼 Business landscape/02 🏳️ Sovereignty landscape/07 📺 🇪🇺 Europe's GDPR.md
5f963cff-415a-436c-931d-328632a0c029,https://github.com/user-attachments/assets/5f963cff-415a-436c-931d-328632a0c029,403095300-df4c185d-f157-44c4-b5e4-4c88749d1788.webm,asset_5f963cff-415a-436c-931d-328632a0c029.webm,https://www.youtube.com/watch?v=3rRQSqh4Oow,2 🏔️ Landscape/1 💼 Business landscape/01 🕵 Profiling landscape/06 📺 Project Nightingale.md
60d9f5b6-f164-41c9-860c-5461250cbc1a,https://github.com/user-attachments/assets/60d9f5b6-f164-41c9-860c-5461250cbc1a,00 🔑 Smart Keys__60d9f5b6-f164-41c9-860c-5461250cbc1a.webm,asset_60d9f5b6-f164-41c9-860c-5461250cbc1a.webm,https://www.youtube.com/watch?v=wQl8-Mgyk8I,2 🏔️ Landscape/3 🌳 Ambient landscape/02 🔑 Smart Keys/00 🔑 Smart Keys.md
6199c464-7c59-44b3-aed0-a153ae05d06e,https://github.com/user-attachments/assets/6199c464-7c59-44b3-aed0-a153ae05d06e,415686883-d4028e16-5473-489c-8f51-0adf46830ed8.webm,asset_6199c464-7c59-44b3-aed0-a153ae05d06e.webm,https://www.youtube.com/watch?v=7clDt5jngEI,2 🏔️ Landscape/3 🌳 Ambient landscape/05 🧠 Brain Interfaces/09 📺 Synchron+ChatGPT.md
6244b2f0-cc03-4118-bfe4-464ce1052f85,https://github.com/user-attachments/assets/6244b2f0-cc03-4118-bfe4-464ce1052f85,379496936-e94b9148-b73a-4920-bc57-c9c85437b489.webm,asset_6244b2f0-cc03-4118-bfe4-464ce1052f85.webm,https://www.youtube.com/watch?v=IAGc6Hkf2As,2 🏔️ Landscape/2 🧑‍🦰 User landscape/03 🛂 Travel ID landscape/04 📺 ICAO's PKD.md
62c6ec66-a435-4dbf-9de9-da0fb67cc67d,https://github.com/user-attachments/assets/62c6ec66-a435-4dbf-9de9-da0fb67cc67d,380789550-d1371d40-a315-401f-b7da-d52814fd47a2.webm,asset_62c6ec66-a435-4dbf-9de9-da0fb67cc67d.webm,https://www.youtube.com/watch?v=EjS_u1B1W3o,2 🏔️ Landscape/1 💼 Business landscape/06 📂 App pay landscape/02 📺 🇺🇸 Google Pay.md
64d07809-e822-47b5-8c83-9415b3130be3,https://github.com/user-attachments/assets/64d07809-e822-47b5-8c83-9415b3130be3,404070549-8dd4fd30-d948-4cd2-b678-0dd144d2e9e8.webm,asset_64d07809-e822-47b5-8c83-9415b3130be3.webm,https://www.youtube.com/watch?v=4Gaisu6X5GM,2 🏔️ Landscape/1 💼 Business landscape/04 👀 Advertising landscape/08 📺 Google Ad ID.md
64f472a2-6d06-460d-a775-9de835054855,https://github.com/user-attachments/assets/64f472a2-6d06-460d-a775-9de835054855,379516823-479bd59f-2315-43dc-af96-df87826bab92.webm,asset_64f472a2-6d06-460d-a775-9de835054855.webm,https://www.youtube.com/watch?v=EVVmWEiCqg8,2 🏔️ Landscape/2 🧑‍🦰 User landscape/05 📂 ID Wallets landscape/04 📺 Thales's DID Wallet.md
652e5ce5-9e16-49ac-98bf-f992ac4807d4,https://github.com/user-attachments/assets/652e5ce5-9e16-49ac-98bf-f992ac4807d4,403583322-3166f09f-5dcf-4d8e-bf49-e3eb494a0c1c.webm,asset_652e5ce5-9e16-49ac-98bf-f992ac4807d4.webm,https://www.youtube.com/watch?v=0O9EJv64-aw,2 🏔️ Landscape/1 💼 Business landscape/01 🕵 Profiling landscape/03 📺 OpenAI copyright.md
66e4b3ff-851b-49a7-a055-3d63827f48ed,https://github.com/user-attachments/assets/66e4b3ff-851b-49a7-a055-3d63827f48ed,403082367-1263f426-7651-4317-aec4-e2f5eb8abc78.webm,asset_66e4b3ff-851b-49a7-a055-3d63827f48ed.webm,https://www.youtube.com/watch?v=JOnFQQj0kbA,2 🏔️ Landscape/1 💼 Business landscape/02 🏳️ Sovereignty landscape/04 📺 Huawei 5G.md
68a6e11f-ddd6-4bc2-be26-df3ecb23a717,https://github.com/user-attachments/assets/68a6e11f-ddd6-4bc2-be26-df3ecb23a717,387418283-a34c7fba-361e-4d11-814b-497470abf1a5.webm,asset_68a6e11f-ddd6-4bc2-be26-df3ecb23a717.webm,https://www.youtube.com/watch?v=1adG6-a9vIU,2 🏔️ Landscape/1 💼 Business landscape/05 💳 Payments landscape/11 📺 🇺🇸 Walmart vs Apple.md
69b435d1-8854-4b21-a10a-18384da48d22,https://github.com/user-attachments/assets/69b435d1-8854-4b21-a10a-18384da48d22,07 📺 Top smart locks__69b435d1-8854-4b21-a10a-18384da48d22.webm,asset_69b435d1-8854-4b21-a10a-18384da48d22.webm,https://www.youtube.com/watch?v=JA86892o24Y,2 🏔️ Landscape/3 🌳 Ambient landscape/02 🔑 Smart Keys/07 📺 Top smart locks.md
6a25653a-6b19-428f-8e42-cf194772ecdb,https://github.com/user-attachments/assets/6a25653a-6b19-428f-8e42-cf194772ecdb,415840509-96b65bc3-7511-4f17-8ffc-dd9199fccefe.webm,asset_6a25653a-6b19-428f-8e42-cf194772ecdb.webm,https://www.youtube.com/watch?v=WTnC04lDVpw,2 🏔️ Landscape/3 🌳 Ambient landscape/05 🧠 Brain Interfaces/01 📺 What's BCI.md
6b4b1945-b230-4c7f-8b6b-07466480626b,https://github.com/user-attachments/assets/6b4b1945-b230-4c7f-8b6b-07466480626b,406393594-2e473dfd-09a4-41cc-ab4b-807674281ee9.webm,asset_6b4b1945-b230-4c7f-8b6b-07466480626b.webm,https://www.youtube.com/watch?v=jPT-XNxRHY4,2 🏔️ Landscape/3 🌳 Ambient landscape/01 🏡 Smart Homes/07 📺 Smart cities.md
6e029b76-4b25-440d-bbdf-b7002f0fec33,https://github.com/user-attachments/assets/6e029b76-4b25-440d-bbdf-b7002f0fec33,387416935-d7bab8be-feff-4953-ae99-6c8a8e4b3cc8.webm,asset_6e029b76-4b25-440d-bbdf-b7002f0fec33.webm,https://www.youtube.com/watch?v=iSeUMbzqbBw,2 🏔️ Landscape/1 💼 Business landscape/10 💬 Chatting landscape/04 📺 RCS.md
6f48099f-4583-49c1-9570-7b1ca04bf573,https://github.com/user-attachments/assets/6f48099f-4583-49c1-9570-7b1ca04bf573,404704249-971f3161-2702-4454-ab10-3fcf0ce855ae.webm,asset_6f48099f-4583-49c1-9570-7b1ca04bf573.webm,https://www.youtube.com/watch?v=bVzg1t4t6p8,2 🏔️ Landscape/1 💼 Business landscape/11 🔆 Scanning landscape/15 📺 NFC on metal.md
70d6f4a2-13c5-4011-b9b3-4bce7dc75ed2,https://github.com/user-attachments/assets/70d6f4a2-13c5-4011-b9b3-4bce7dc75ed2,403113936-9cc56482-a751-4a0b-b2bc-703773ab6443.webm,asset_70d6f4a2-13c5-4011-b9b3-4bce7dc75ed2.webm,https://www.youtube.com/watch?v=Px5h8WZFuvU,2 🏔️ Landscape/2 🧑‍🦰 User landscape/02 🧢 Personalization landscape/11 📺 Personal Health.md
722c4d26-3ba0-472c-91b9-8b10a71dcec7,https://github.com/user-attachments/assets/722c4d26-3ba0-472c-91b9-8b10a71dcec7,379504317-858c5714-8c65-4e26-ab6d-059bebb8dba7.webm,asset_722c4d26-3ba0-472c-91b9-8b10a71dcec7.webm,https://www.youtube.com/watch?v=8terzSbgIb8,2 🏔️ Landscape/2 🧑‍🦰 User landscape/04 🆔 Digital ID landscape/16 📺 🇺🇸 US' mDL.md
73b3f1db-5d8e-4568-8df2-6c9c39345646,https://github.com/user-attachments/assets/73b3f1db-5d8e-4568-8df2-6c9c39345646,405775458-4a040ce5-85c7-46a2-ae16-8535870bb27b.webm,asset_73b3f1db-5d8e-4568-8df2-6c9c39345646.webm,https://www.youtube.com/watch?v=uNpcKM3wY1c,2 🏔️ Landscape/3 🌳 Ambient landscape/02 🔑 Smart Keys/11 📺 Apple Key UWB.md
74881be2-4538-4460-b8e6-09a3dae9083c,https://github.com/user-attachments/assets/74881be2-4538-4460-b8e6-09a3dae9083c,380085055-31408076-549c-409a-a442-ce3e20bf8213.webm,asset_74881be2-4538-4460-b8e6-09a3dae9083c.webm,https://www.youtube.com/watch?v=EtrevHtk4yQ,2 🏔️ Landscape/1 💼 Business landscape/10 💬 Chatting landscape/06 📺 WhatsApp business.md
75890714-97c7-4745-ac2b-48e50fb1af5c,https://github.com/user-attachments/assets/75890714-97c7-4745-ac2b-48e50fb1af5c,379514190-0dbc44ab-8ad4-46b2-8178-b6c26eb9f0e3.webm,asset_75890714-97c7-4745-ac2b-48e50fb1af5c.webm,https://www.youtube.com/watch?v=H3MghBaJswQ,2 🏔️ Landscape/2 🧑‍🦰 User landscape/07 🧑‍💻 Unsupervised ID landscape/10 📺 Microsoft liveness.md
75d94b62-849a-4cdf-ae0f-bf2ace308343,https://github.com/user-attachments/assets/75d94b62-849a-4cdf-ae0f-bf2ace308343,415793229-a649801a-837a-4d03-80e0-3946a43671c2.webm,asset_75d94b62-849a-4cdf-ae0f-bf2ace308343.webm,https://www.youtube.com/watch?v=NXnzThPQdDI,2 🏔️ Landscape/3 🌳 Ambient landscape/04 😎 Smart glasses/08 📺 OpenAI + Be My Eyes.md
765f0698-a306-4e50-9c70-e193d123401a,https://github.com/user-attachments/assets/765f0698-a306-4e50-9c70-e193d123401a,420088770-897a6a62-5085-45d7-81ca-24733947572c.webm,asset_765f0698-a306-4e50-9c70-e193d123401a.webm,https://www.youtube.com/watch?v=ngtKWpjFTg8,2 🏔️ Landscape/2 🧑‍🦰 User landscape/08 🔐 Passwordless ID landscape/10 📺 Post-quantum keys.md
76fd41d6-0815-4b72-9087-7d5eb0bb35cb,https://github.com/user-attachments/assets/76fd41d6-0815-4b72-9087-7d5eb0bb35cb,379527047-5d6e5f9d-d986-46ae-9a09-31050c250ccd.webm,asset_76fd41d6-0815-4b72-9087-7d5eb0bb35cb.webm,https://www.youtube.com/watch?v=1YNSrXDAR8I,2 🏔️ Landscape/2 🧑‍🦰 User landscape/06 👮 Supervised ID landscape/07 📺 🇦🇪 Dubai airports.md
77d35259-d74a-49b4-a5ed-a51dd316afd4,https://github.com/user-attachments/assets/77d35259-d74a-49b4-a5ed-a51dd316afd4,100mb-404081464-84e9a3cd-d789-43e5-b529-f5cb735ad4ec.webm,asset_77d35259-d74a-49b4-a5ed-a51dd316afd4.webm,https://www.youtube.com/watch?v=dQ3qyaIK0p8,2 🏔️ Landscape/1 💼 Business landscape/04 👀 Advertising landscape/11 📺 Google's 3PC revert.md
780d675e-3f1c-4628-a0f2-8cb904051ec9,https://github.com/user-attachments/assets/780d675e-3f1c-4628-a0f2-8cb904051ec9,404944257-ad1b9ee1-a59a-4b48-9f40-126f544ebf69.webm,asset_780d675e-3f1c-4628-a0f2-8cb904051ec9.webm,https://www.youtube.com/watch?v=WvjacQkomGo,2 🏔️ Landscape/2 🧑‍🦰 User landscape/10 🤖 Agentic AI landscape/03 📺 Google challenges.md
7821fa4b-83d7-46bd-b76c-5930fad4d3b7,https://github.com/user-attachments/assets/7821fa4b-83d7-46bd-b76c-5930fad4d3b7,415686772-449ef6c6-479a-463b-9a07-64c6d433ff4f.webm,asset_7821fa4b-83d7-46bd-b76c-5930fad4d3b7.webm,https://www.youtube.com/watch?v=GErQ0gXyLT4,2 🏔️ Landscape/3 🌳 Ambient landscape/05 🧠 Brain Interfaces/03 📺 🇨🇳 China.md
7963b1b5-81d8-4a76-93e9-5adc83789494,https://github.com/user-attachments/assets/7963b1b5-81d8-4a76-93e9-5adc83789494,402853010-4d629d70-35c2-408a-a935-748b8e29345e.webm,asset_7963b1b5-81d8-4a76-93e9-5adc83789494.webm,https://www.youtube.com/watch?v=UX34qlnbba0,2 🏔️ Landscape/2 🧑‍🦰 User landscape/02 🧢 Personalization landscape/01 📺 Random PII smart glasses.md
7a252e34-3d7e-4cd1-b3f3-81a243dfb3f0,https://github.com/user-attachments/assets/7a252e34-3d7e-4cd1-b3f3-81a243dfb3f0,380308711-70b7e0c8-a7e4-464d-838f-15d167fc87e5.webm,asset_7a252e34-3d7e-4cd1-b3f3-81a243dfb3f0.webm,https://www.youtube.com/watch?v=Prxjq7niqeg,2 🏔️ Landscape/1 💼 Business landscape/10 💬 Chatting landscape/07 📺 WhatsApp carts.md
7af5a86c-79f3-4fda-afa1-9c7010b3c3bf,https://github.com/user-attachments/assets/7af5a86c-79f3-4fda-afa1-9c7010b3c3bf,406753400-d7b1a14b-098e-4b22-8cd5-3c1915d415fd.webm,asset_7af5a86c-79f3-4fda-afa1-9c7010b3c3bf.webm,https://www.youtube.com/watch?v=o_zUDHAsjDk,2 🏔️ Landscape/3 🌳 Ambient landscape/03 ❤️ Smart Health/11 📺 Data regulation.md
7b360c28-0c2a-49ea-86e8-ac47ae6cd50c,https://github.com/user-attachments/assets/7b360c28-0c2a-49ea-86e8-ac47ae6cd50c,400034189-c4be5cd4-b5a5-43e0-b6e0-2a9d20e95777.webm,asset_7b360c28-0c2a-49ea-86e8-ac47ae6cd50c.webm,https://www.youtube.com/watch?v=QWQc-qHkqZk,2 🏔️ Landscape/2 🧑‍🦰 User landscape/04 🆔 Digital ID landscape/12 📺 🇸🇪 Sweden's Bank ID.md
7bf3648b-f3e5-421e-bb08-bb1d39300073,https://github.com/user-attachments/assets/7bf3648b-f3e5-421e-bb08-bb1d39300073,415685642-363df8ca-8fc7-4edb-9ac8-090c736919de.webm,asset_7bf3648b-f3e5-421e-bb08-bb1d39300073.webm,https://www.youtube.com/watch?v=9CgZqZkdPCY,2 🏔️ Landscape/3 🌳 Ambient landscape/05 🧠 Brain Interfaces/07 📺 Synchron+Alexa.md
7c565fd5-a878-493d-a8a9-9e2bea7034c0,https://github.com/user-attachments/assets/7c565fd5-a878-493d-a8a9-9e2bea7034c0,400434890-4535e847-d301-4e46-8e72-06d120d8b063.webm,asset_7c565fd5-a878-493d-a8a9-9e2bea7034c0.webm,https://www.youtube.com/watch?v=-UrlYaHOgP0,2 🏔️ Landscape/1 💼 Business landscape/06 📂 App pay landscape/17 📺 🇬🇧 Revolut.md
7ce89e5a-8a01-4e82-9a61-19b0523af916,https://github.com/user-attachments/assets/7ce89e5a-8a01-4e82-9a61-19b0523af916,400864112-dc169961-2b86-44dd-9bde-0233baf6e27b.webm,asset_7ce89e5a-8a01-4e82-9a61-19b0523af916.webm,https://www.youtube.com/watch?v=JW2H7ParQ9w,2 🏔️ Landscape/1 💼 Business landscape/06 📂 App pay landscape/07 📺 🇨🇳 WeChat.md
7da39fc7-8eb9-4a36-83f6-dc5c775ee3eb,https://github.com/user-attachments/assets/7da39fc7-8eb9-4a36-83f6-dc5c775ee3eb,404704231-c926162c-3bc6-4a39-83bf-52f7186215cf.webm,asset_7da39fc7-8eb9-4a36-83f6-dc5c775ee3eb.webm,https://www.youtube.com/watch?v=pHHrAkUYUhw,2 🏔️ Landscape/1 💼 Business landscape/11 🔆 Scanning landscape/09 📺 NFC tags.md
7daf6130-f94f-43fa-8c8e-4e571cb63455,https://github.com/user-attachments/assets/7daf6130-f94f-43fa-8c8e-4e571cb63455,403616409-543ddbb7-cc6f-4494-b088-44844054a5ae.webm,asset_7daf6130-f94f-43fa-8c8e-4e571cb63455.webm,https://www.youtube.com/watch?v=oprF9EumGYs,2 🏔️ Landscape/2 🧑‍🦰 User landscape/02 🧢 Personalization landscape/13 📺 PayPal Fastlane.md
7fb32ee2-2626-4efb-9736-12213f7c7752,https://github.com/user-attachments/assets/7fb32ee2-2626-4efb-9736-12213f7c7752,406393680-0f37e105-adb5-464d-b224-782b7c3193cb.webm,asset_7fb32ee2-2626-4efb-9736-12213f7c7752.webm,https://www.youtube.com/watch?v=67lIORFwdRE,2 🏔️ Landscape/3 🌳 Ambient landscape/01 🏡 Smart Homes/06 📺 Smart buildings.md
8063ce32-84a8-4ae5-a60e-1ff08353b38d,https://github.com/user-attachments/assets/8063ce32-84a8-4ae5-a60e-1ff08353b38d,403616276-8fabcc5b-54d1-46f8-93df-c9651afb29ba.webm,asset_8063ce32-84a8-4ae5-a60e-1ff08353b38d.webm,https://www.youtube.com/watch?v=GfkhAenlyaI,2 🏔️ Landscape/2 🧑‍🦰 User landscape/02 🧢 Personalization landscape/12 📺 Affinidi.md
80a1dfe1-a1ea-43a9-be46-b3c6dcf952d0,https://github.com/user-attachments/assets/80a1dfe1-a1ea-43a9-be46-b3c6dcf952d0,06 📺 QR phishing__80a1dfe1-a1ea-43a9-be46-b3c6dcf952d0.webm,asset_80a1dfe1-a1ea-43a9-be46-b3c6dcf952d0.webm,https://www.youtube.com/watch?v=sZWCwD71wTM,2 🏔️ Landscape/1 💼 Business landscape/11 🔆 Scanning landscape/06 📺 QR phishing.md
816da11a-bbcd-4319-85d3-59a836570288,https://github.com/user-attachments/assets/816da11a-bbcd-4319-85d3-59a836570288,400442757-a3bf4e1a-7373-4694-823c-e869dd6c77fc.webm,asset_816da11a-bbcd-4319-85d3-59a836570288.webm,https://www.youtube.com/watch?v=LTMR6PG6EGs,2 🏔️ Landscape/1 💼 Business landscape/06 📂 App pay landscape/19 📺 🇬🇧 Wise.md
8187b0b3-4d2b-43e9-b4a3-589c6e647e0a,https://github.com/user-attachments/assets/8187b0b3-4d2b-43e9-b4a3-589c6e647e0a,400437142-b150396e-6e5b-4cba-8f41-71ca91e10041.webm,asset_8187b0b3-4d2b-43e9-b4a3-589c6e647e0a.webm,https://www.youtube.com/watch?v=5LhlaVoUFmo,2 🏔️ Landscape/1 💼 Business landscape/06 📂 App pay landscape/18 📺 🇺🇸 Stripe.md
819295cf-8c01-4adb-bb96-d3f47f904110,https://github.com/user-attachments/assets/819295cf-8c01-4adb-bb96-d3f47f904110,404689299-8bfffdae-3459-47b2-a866-b714b99368da.webm,asset_819295cf-8c01-4adb-bb96-d3f47f904110.webm,https://www.youtube.com/watch?v=EhG1wi1t6Ow,2 🏔️ Landscape/2 🧑‍🦰 User landscape/10 🤖 Agentic AI landscape/05 📺 Gartner's vision.md
837cfdf9-edb5-4df1-bca7-0b84497acab9,https://github.com/user-attachments/assets/837cfdf9-edb5-4df1-bca7-0b84497acab9,380320552-fa0a2004-f1be-41f8-9423-fd9ef67ae41c.webm,asset_837cfdf9-edb5-4df1-bca7-0b84497acab9.webm,https://www.youtube.com/watch?v=HgkRwO8Vcmg,2 🏔️ Landscape/1 💼 Business landscape/05 💳 Payments landscape/08 📺 🇮🇳 India's UPI.md
83e98dfa-484a-41c0-a081-ae7e5521320f,https://github.com/user-attachments/assets/83e98dfa-484a-41c0-a081-ae7e5521320f,406393631-120ec3f9-aae4-4910-a52c-29ea16a1c02a.webm,asset_83e98dfa-484a-41c0-a081-ae7e5521320f.webm,https://www.youtube.com/watch?v=Pfe92aO0pec,2 🏔️ Landscape/3 🌳 Ambient landscape/01 🏡 Smart Homes/16 📺 Matter devices.md
8478120a-25f6-4804-bf5d-bf722f1afd36,https://github.com/user-attachments/assets/8478120a-25f6-4804-bf5d-bf722f1afd36,380449923-6282e93d-330a-44db-bbba-d049a3323b83.webm,asset_8478120a-25f6-4804-bf5d-bf722f1afd36.webm,https://www.youtube.com/watch?v=NYDukYMAAIs,2 🏔️ Landscape/1 💼 Business landscape/05 💳 Payments landscape/06 📺 🇨🇳 Alibaba+Tencent.md
84a8b409-3ce2-44b4-ac33-d9d44d4cb2fe,https://github.com/user-attachments/assets/84a8b409-3ce2-44b4-ac33-d9d44d4cb2fe,380089853-47ae05f6-985f-4217-9343-e3732d4ddb2c.webm,asset_84a8b409-3ce2-44b4-ac33-d9d44d4cb2fe.webm,https://www.youtube.com/watch?v=UQbKg5A_f5w,2 🏔️ Landscape/1 💼 Business landscape/06 📂 App pay landscape/08 📺 🇧🇷 B2C WhatsApp.md
854ede47-3b9c-49b2-a8bf-84d4da2b1478,https://github.com/user-attachments/assets/854ede47-3b9c-49b2-a8bf-84d4da2b1478,100mb-401291146-a64f2d68-b6ec-44cb-a61a-54e8ff090544.webm,asset_854ede47-3b9c-49b2-a8bf-84d4da2b1478.webm,https://www.youtube.com/watch?v=MJwUZBx00eA,2 🏔️ Landscape/2 🧑‍🦰 User landscape/01 🛰️ Connectivity landscape/04 📺 Amazon's Kuiper.md
8783677d-2ad4-4f2a-b01e-32dc93683d6a,https://github.com/user-attachments/assets/8783677d-2ad4-4f2a-b01e-32dc93683d6a,403172342-3b5b847a-5c72-4719-9c94-71e40cfc2b06.webm,asset_8783677d-2ad4-4f2a-b01e-32dc93683d6a.webm,https://www.youtube.com/watch?v=B2g3pf8RTBQ,2 🏔️ Landscape/1 💼 Business landscape/03 🔎 Searching landscape/04 📺 🇪🇺 Google in Europe.md
87cdcf71-4569-4361-82aa-d048068846d9,https://github.com/user-attachments/assets/87cdcf71-4569-4361-82aa-d048068846d9,02 📺 Cambridge Analytica__87cdcf71-4569-4361-82aa-d048068846d9.webm,asset_87cdcf71-4569-4361-82aa-d048068846d9.webm,https://www.youtube.com/watch?v=5Erbdxb4bzk,2 🏔️ Landscape/1 💼 Business landscape/02 🏳️ Sovereignty landscape/02 📺 Cambridge Analytica.md
88971504-c748-4278-b2e5-d26529183071,https://github.com/user-attachments/assets/88971504-c748-4278-b2e5-d26529183071,404704276-fce35e0d-636f-4905-a48d-32e6f371141d.webm,asset_88971504-c748-4278-b2e5-d26529183071.webm,https://www.youtube.com/watch?v=9ZdbmM4Sa_o,2 🏔️ Landscape/3 🌳 Ambient landscape/02 🔑 Smart Keys/04 📺 Smart car keys.md
8a772940-ca5d-4ab8-b026-37f8f6d374ed,https://github.com/user-attachments/assets/8a772940-ca5d-4ab8-b026-37f8f6d374ed,379489668-f8a8e359-b20b-4133-86f0-9223d3b5493f.webm,asset_8a772940-ca5d-4ab8-b026-37f8f6d374ed.webm,https://www.youtube.com/watch?v=OJQOkchC9xE,2 🏔️ Landscape/2 🧑‍🦰 User landscape/03 🛂 Travel ID landscape/07 📺 🇺🇸 US' TSA.md
8a8a1175-c478-426c-a15a-7e8770ba472b,https://github.com/user-attachments/assets/8a8a1175-c478-426c-a15a-7e8770ba472b,406749315-661ecdbe-9195-4488-889d-a88be704e662.webm,asset_8a8a1175-c478-426c-a15a-7e8770ba472b.webm,https://www.youtube.com/watch?v=wT-IY6ptK6Y,2 🏔️ Landscape/3 🌳 Ambient landscape/03 ❤️ Smart Health/09 📺 Data collection.md
8b57ffc9-32ca-445f-97e0-32e2cd0d8f1d,https://github.com/user-attachments/assets/8b57ffc9-32ca-445f-97e0-32e2cd0d8f1d,379536393-72d4549a-9730-4c50-8414-afea6d07e303.webm,asset_8b57ffc9-32ca-445f-97e0-32e2cd0d8f1d.webm,https://www.youtube.com/watch?v=SptO6cO6VBY,2 🏔️ Landscape/2 🧑‍🦰 User landscape/05 📂 ID Wallets landscape/06 📺 Google Wallet.md
8e883127-873a-4741-809f-48dd1bb5edfb,https://github.com/user-attachments/assets/8e883127-873a-4741-809f-48dd1bb5edfb,403544206-e458a64e-84ff-4e19-b2e8-a7863d6e1f08.webm,asset_8e883127-873a-4741-809f-48dd1bb5edfb.webm,https://www.youtube.com/watch?v=nV2TL9pXyFE,2 🏔️ Landscape/1 💼 Business landscape/04 👀 Advertising landscape/13 📺 Apple's StoreKit.md
8ecaf93c-fac7-4e16-800f-a2477ce736f7,https://github.com/user-attachments/assets/8ecaf93c-fac7-4e16-800f-a2477ce736f7,420088609-de483573-43d8-4646-a467-16df7a0ff89f.webm,asset_8ecaf93c-fac7-4e16-800f-a2477ce736f7.webm,https://www.youtube.com/watch?v=pgjwqyk2_oQ,2 🏔️ Landscape/2 🧑‍🦰 User landscape/03 🛂 Travel ID landscape/11 📺  Web3.md
8f00ac61-8f42-4a5d-a6ad-c178e457575d,https://github.com/user-attachments/assets/8f00ac61-8f42-4a5d-a6ad-c178e457575d,380298445-d55794dc-65e9-44bf-b1a9-adb1c9ca8456.webm,asset_8f00ac61-8f42-4a5d-a6ad-c178e457575d.webm,https://www.youtube.com/watch?v=kVFfoaQ4aBE,2 🏔️ Landscape/2 🧑‍🦰 User landscape/10 🤖 Agentic AI landscape/08 📺 Anthropic agents.md
8f6181ac-6075-4be5-aacc-9d38a71ef210,https://github.com/user-attachments/assets/8f6181ac-6075-4be5-aacc-9d38a71ef210,406749320-c9f6abc1-1608-4efc-b312-4c5fae24de7c.webm,asset_8f6181ac-6075-4be5-aacc-9d38a71ef210.webm,https://www.youtube.com/watch?v=wDvLnySeqBo,2 🏔️ Landscape/3 🌳 Ambient landscape/03 ❤️ Smart Health/06 📺 Samsung ring.md
9055f9c1-3ead-47c6-88b1-65cb45aabc7a,https://github.com/user-attachments/assets/9055f9c1-3ead-47c6-88b1-65cb45aabc7a,404406360-2216aed3-c7b5-4e8d-a1e2-6a94f143e134.webm,asset_9055f9c1-3ead-47c6-88b1-65cb45aabc7a.webm,https://www.youtube.com/watch?v=wxau0LCXIj4,2 🏔️ Landscape/2 🧑‍🦰 User landscape/02 🧢 Personalization landscape/14 📺 Gartner twins.md
9220c789-a363-4175-89a4-88cf7fff3048,https://github.com/user-attachments/assets/9220c789-a363-4175-89a4-88cf7fff3048,379486096-89d73758-9e57-4be0-8797-c82d41c4fb2a.webm,asset_9220c789-a363-4175-89a4-88cf7fff3048.webm,https://www.youtube.com/watch?v=9VNupNRYfYs,2 🏔️ Landscape/2 🧑‍🦰 User landscape/04 🆔 Digital ID landscape/14 📺 🇺🇳 UN's DID.md
9287e03d-2f8a-4fbd-86de-639a24999e6e,https://github.com/user-attachments/assets/9287e03d-2f8a-4fbd-86de-639a24999e6e,07 📺 Top smart locks__9287e03d-2f8a-4fbd-86de-639a24999e6e.webm,asset_9287e03d-2f8a-4fbd-86de-639a24999e6e.webm,https://www.youtube.com/watch?v=SyKqq_d47zw,2 🏔️ Landscape/3 🌳 Ambient landscape/02 🔑 Smart Keys/07 📺 Top smart locks.md
940f87b0-2f0e-4e99-9d7a-bd882a8e6ae7,https://github.com/user-attachments/assets/940f87b0-2f0e-4e99-9d7a-bd882a8e6ae7,415763858-095d3a85-b1c6-468f-8076-89c989dba3e8.webm,asset_940f87b0-2f0e-4e99-9d7a-bd882a8e6ae7.webm,https://www.youtube.com/watch?v=WSi8Ib_iORA,2 🏔️ Landscape/3 🌳 Ambient landscape/04 😎 Smart glasses/07 📺 Meta's Quest 3s.md
95220edd-753f-41a4-a730-e548c3c371dd,https://github.com/user-attachments/assets/95220edd-753f-41a4-a730-e548c3c371dd,100mb-403173275-7f752856-af7c-4b17-bfe1-be73880ba0b3.webm,asset_95220edd-753f-41a4-a730-e548c3c371dd.webm,https://www.youtube.com/watch?v=qLSrAmfttqA,2 🏔️ Landscape/1 💼 Business landscape/03 🔎 Searching landscape/05 📺 🇺🇸 Google in US.md
95499ec4-7033-4d2b-b450-a5fc75ca5a72,https://github.com/user-attachments/assets/95499ec4-7033-4d2b-b450-a5fc75ca5a72,379937041-41580fd2-89ab-4bdc-bc14-670640d38d78.webm,asset_95499ec4-7033-4d2b-b450-a5fc75ca5a72.webm,https://www.youtube.com/watch?v=fSpedP08p8U,2 🏔️ Landscape/2 🧑‍🦰 User landscape/08 🔐 Passwordless ID landscape/07 📺 Email DKIM.md
9739960c-8fa1-46a8-8cec-7fe38bb863bd,https://github.com/user-attachments/assets/9739960c-8fa1-46a8-8cec-7fe38bb863bd,400858726-375345e7-f051-4834-b2e0-72193d3aac2a.webm,asset_9739960c-8fa1-46a8-8cec-7fe38bb863bd.webm,https://www.youtube.com/watch?v=zNmZfMpfGkw,2 🏔️ Landscape/1 💼 Business landscape/09 🛒 Shopping landscape/02 📺 🇮🇳 India's Beckn.md
97dc0b48-059f-481d-89bd-809575c0160d,https://github.com/user-attachments/assets/97dc0b48-059f-481d-89bd-809575c0160d,404598591-845ababb-7a64-4ea7-885a-58a26f8c6933.webm,asset_97dc0b48-059f-481d-89bd-809575c0160d.webm,https://www.youtube.com/watch?v=fsX-OhKDJN4,2 🏔️ Landscape/2 🧑‍🦰 User landscape/09 🔏 Signatures landscape/05 📺 Recommendations.md
97f4a26d-629d-460c-8281-bc68463ac6c2,https://github.com/user-attachments/assets/97f4a26d-629d-460c-8281-bc68463ac6c2,415763846-acf5b0d0-1f07-44ef-8e57-0e8a4edf5d81.webm,asset_97f4a26d-629d-460c-8281-bc68463ac6c2.webm,https://www.youtube.com/watch?v=211aehSrdHA,2 🏔️ Landscape/3 🌳 Ambient landscape/04 😎 Smart glasses/06 📺 Meta's AR glasses.md
9800d81e-815f-4288-8643-acef2005f93e,https://github.com/user-attachments/assets/9800d81e-815f-4288-8643-acef2005f93e,403100384-d8ce0638-1ee3-4fcf-b9e5-72e2a35f2f88.webm,asset_9800d81e-815f-4288-8643-acef2005f93e.webm,https://www.youtube.com/watch?v=ltLyshqnHwg,2 🏔️ Landscape/1 💼 Business landscape/01 🕵 Profiling landscape/13 📺 🇺🇸 Insurance premium.md
990b3c69-495a-49ab-9432-39b134f144d2,https://github.com/user-attachments/assets/990b3c69-495a-49ab-9432-39b134f144d2,420088875-ccaf2532-7068-414e-9a44-e6b44dcfbc40.webm,asset_990b3c69-495a-49ab-9432-39b134f144d2.webm,https://www.youtube.com/watch?v=A4HuKEBa1LQ,2 🏔️ Landscape/2 🧑‍🦰 User landscape/10 🤖 Agentic AI landscape/13 📺 OpenAI Operator.md
9a50b70a-4cc0-4820-945e-770438cada4a,https://github.com/user-attachments/assets/9a50b70a-4cc0-4820-945e-770438cada4a,380800257-2e878000-ed42-49f5-8c79-fee1b621b4c7.webm,asset_9a50b70a-4cc0-4820-945e-770438cada4a.webm,https://www.youtube.com/watch?v=5OhIKtb88IQ,2 🏔️ Landscape/1 💼 Business landscape/06 📂 App pay landscape/03 📺 🇰🇷 Samsung Pay.md
9a68058d-ed1b-4cf9-82b7-7d8411dc81f7,https://github.com/user-attachments/assets/9a68058d-ed1b-4cf9-82b7-7d8411dc81f7,400363337-700993f2-51f2-4aec-a995-2d707bc0bf07.webm,asset_9a68058d-ed1b-4cf9-82b7-7d8411dc81f7.webm,https://www.youtube.com/watch?v=JAVvTa2aXLE,2 🏔️ Landscape/1 💼 Business landscape/06 📂 App pay landscape/05 📺 🇺🇸 Square.md
9ae01244-35a3-464d-b62c-9a60891e0d83,https://github.com/user-attachments/assets/9ae01244-35a3-464d-b62c-9a60891e0d83,400148050-c6e46ed7-19fe-4c7c-9a25-3a3a1b3f19a7.webm,asset_9ae01244-35a3-464d-b62c-9a60891e0d83.webm,https://www.youtube.com/watch?v=mf17vQAgK2s,2 🏔️ Landscape/2 🧑‍🦰 User landscape/06 👮 Supervised ID landscape/06 📺 🇹🇷 Turkey airports.md
9b936f1e-c38c-4505-a31c-4a9786447cb7,https://github.com/user-attachments/assets/9b936f1e-c38c-4505-a31c-4a9786447cb7,379545952-52904f37-5899-43a6-9f94-98ac24dec2a1.webm,asset_9b936f1e-c38c-4505-a31c-4a9786447cb7.webm,https://www.youtube.com/watch?v=qoFkA19FvMc,2 🏔️ Landscape/2 🧑‍🦰 User landscape/04 🆔 Digital ID landscape/09 📺 🇮🇳 India's Aadhaar.md
9ca87915-2aad-4154-b9ed-2755d1ef4e26,https://github.com/user-attachments/assets/9ca87915-2aad-4154-b9ed-2755d1ef4e26,05 📺 Apple Wallet__9ca87915-2aad-4154-b9ed-2755d1ef4e26.webm,asset_9ca87915-2aad-4154-b9ed-2755d1ef4e26.webm,https://www.youtube.com/watch?v=cUU58buD69Y,2 🏔️ Landscape/2 🧑‍🦰 User landscape/05 📂 ID Wallets landscape/05 📺 Apple Wallet.md
9df0312c-71cf-4770-8bdb-566652dd4ad3,https://github.com/user-attachments/assets/9df0312c-71cf-4770-8bdb-566652dd4ad3,380326409-ce415a4b-f95c-4b36-9c15-534479693358.webm,asset_9df0312c-71cf-4770-8bdb-566652dd4ad3.webm,https://www.youtube.com/watch?v=51OCEACtQ30,2 🏔️ Landscape/1 💼 Business landscape/08 🗓️ Subscriptions landscape/05 📺 Google Play.md
9f703cd3-d69d-45bf-ab5e-9a674f0ddfd0,https://github.com/user-attachments/assets/9f703cd3-d69d-45bf-ab5e-9a674f0ddfd0,400415734-75d39514-7f96-45c1-91c7-13236a999476.webm,asset_9f703cd3-d69d-45bf-ab5e-9a674f0ddfd0.webm,https://www.youtube.com/watch?v=_FXVhuKILC8,2 🏔️ Landscape/1 💼 Business landscape/06 📂 App pay landscape/09 📺 🇮🇳 UPI QR WhatsApp.md
a01f49dd-08f0-4b0d-a5bb-52a6e8b216b7,https://github.com/user-attachments/assets/a01f49dd-08f0-4b0d-a5bb-52a6e8b216b7,403083777-cc5af6ef-0080-4103-b871-ad8ffac804ed.webm,asset_a01f49dd-08f0-4b0d-a5bb-52a6e8b216b7.webm,https://www.youtube.com/watch?v=FM5nd6Bmv4A,2 🏔️ Landscape/1 💼 Business landscape/02 🏳️ Sovereignty landscape/08 📺 🇺🇸 NSA data collection.md
a36d5977-6cf6-46d9-bec3-8ca9ab1d1059,https://github.com/user-attachments/assets/a36d5977-6cf6-46d9-bec3-8ca9ab1d1059,100mb-404609567-95d8d963-6fa6-4cd9-a5b9-f87ef586c96e.webm,asset_a36d5977-6cf6-46d9-bec3-8ca9ab1d1059.webm,https://www.youtube.com/watch?v=-vlkqQA87p8,2 🏔️ Landscape/2 🧑‍🦰 User landscape/07 🧑‍💻 Unsupervised ID landscape/07 📺 Apple's thief.md
a3e9081b-3de1-42da-a3af-e78d9cb448c5,https://github.com/user-attachments/assets/a3e9081b-3de1-42da-a3af-e78d9cb448c5,387420379-d1052dd3-bead-47ce-a69a-f7bc1bc10960.webm,asset_a3e9081b-3de1-42da-a3af-e78d9cb448c5.webm,https://www.youtube.com/watch?v=--DHOc9Tuc4,2 🏔️ Landscape/1 💼 Business landscape/09 🛒 Shopping landscape/03 📺 🇨🇳 WeChat users.md
a4814fed-b6e9-4e1a-a8fc-c383459f8285,https://github.com/user-attachments/assets/a4814fed-b6e9-4e1a-a8fc-c383459f8285,380193048-dd755c48-d62e-40e2-abac-b36e3d5e3f8c.webm,asset_a4814fed-b6e9-4e1a-a8fc-c383459f8285.webm,https://www.youtube.com/watch?v=EfjivRvQZ60,2 🏔️ Landscape/1 💼 Business landscape/10 💬 Chatting landscape/08 📺 WhatsApp forms.md
a491922f-57e7-4f8e-8672-99add06a3b74,https://github.com/user-attachments/assets/a491922f-57e7-4f8e-8672-99add06a3b74,403463103-0a295664-7a58-4e56-888e-c6992ced1823.webm,asset_a491922f-57e7-4f8e-8672-99add06a3b74.webm,https://www.youtube.com/watch?v=QdtRLGKFAEY,2 🏔️ Landscape/2 🧑‍🦰 User landscape/02 🧢 Personalization landscape/04 📺 🇨🇳 China's privacy law.md
a4e7ebc3-a355-4534-a494-3f016eba90ae,https://github.com/user-attachments/assets/a4e7ebc3-a355-4534-a494-3f016eba90ae,404596977-c04e7f59-4ecb-4971-9c84-a27085f68efe.webm,asset_a4e7ebc3-a355-4534-a494-3f016eba90ae.webm,https://www.youtube.com/watch?v=U2cIQM1ZN2E,2 🏔️ Landscape/2 🧑‍🦰 User landscape/09 🔏 Signatures landscape/01 📺 Signature benefits.md
a76a1e75-e618-4f29-bc6d-7604fabdc1df,https://github.com/user-attachments/assets/a76a1e75-e618-4f29-bc6d-7604fabdc1df,16 📺 🇨🇳 Social credit__a76a1e75-e618-4f29-bc6d-7604fabdc1df.webm,asset_a76a1e75-e618-4f29-bc6d-7604fabdc1df.webm,,2 🏔️ Landscape/1 💼 Business landscape/01 🕵 Profiling landscape/16 📺 🇨🇳 Social credit.md
a79fab33-9e24-4f99-bace-33dad1ab94c8,https://github.com/user-attachments/assets/a79fab33-9e24-4f99-bace-33dad1ab94c8,380449127-ec22c2f6-eaf1-45ce-973b-b1ef49f6d42d.webm,asset_a79fab33-9e24-4f99-bace-33dad1ab94c8.webm,,2 🏔️ Landscape/1 💼 Business landscape/06 📂 App pay landscape/06 📺 🇨🇳 Alipay.md
a8a89603-ee59-4ddd-b705-d2d49f94cedf,https://github.com/user-attachments/assets/a8a89603-ee59-4ddd-b705-d2d49f94cedf,405775536-9548af0f-aa75-45b0-802f-e68249584298.webm,asset_a8a89603-ee59-4ddd-b705-d2d49f94cedf.webm,,2 🏔️ Landscape/3 🌳 Ambient landscape/02 🔑 Smart Keys/07 📺 Top smart locks.md
a8c816e8-fd2a-46f6-9456-97ae6e1f536e,https://github.com/user-attachments/assets/a8c816e8-fd2a-46f6-9456-97ae6e1f536e,415686062-3731fd48-37ff-4d9f-b2a9-42c4627a616e.webm,asset_a8c816e8-fd2a-46f6-9456-97ae6e1f536e.webm,,2 🏔️ Landscape/3 🌳 Ambient landscape/05 🧠 Brain Interfaces/08 📺 Synchron+Apple.md
a8f02a21-b2ec-4554-b3d4-953d25d1a3f9,https://github.com/user-attachments/assets/a8f02a21-b2ec-4554-b3d4-953d25d1a3f9,387420743-433f9d97-ee36-46f0-a095-48bab57a980e.webm,asset_a8f02a21-b2ec-4554-b3d4-953d25d1a3f9.webm,https://www.youtube.com/watch?v=xJwoq3cHHjo,2 🏔️ Landscape/1 💼 Business landscape/04 👀 Advertising landscape/02 📺 Ambient computing.md
a9a886ba-b559-46a1-b752-14c5dc0e1966,https://github.com/user-attachments/assets/a9a886ba-b559-46a1-b752-14c5dc0e1966,380309559-fd773c9d-cb05-47f8-994c-7e29e1eae7f3.webm,asset_a9a886ba-b559-46a1-b752-14c5dc0e1966.webm,,2 🏔️ Landscape/1 💼 Business landscape/09 🛒 Shopping landscape/01 📺 🇮🇳 India's ONDC.md
ade48aa2-8972-4f4d-a533-24e881f1f59b,https://github.com/user-attachments/assets/ade48aa2-8972-4f4d-a533-24e881f1f59b,402853445-d3a074f2-212e-441b-aca7-4b9a295a16e8.webm,asset_ade48aa2-8972-4f4d-a533-24e881f1f59b.webm,,2 🏔️ Landscape/2 🧑‍🦰 User landscape/02 🧢 Personalization landscape/03 📺 🇺🇸 Google's search delete.md
aed47ab9-7dcb-4069-b3dc-cda781aee38e,https://github.com/user-attachments/assets/aed47ab9-7dcb-4069-b3dc-cda781aee38e,400168323-654c36c7-4645-40ac-874a-939f7fd419ca.webm,asset_aed47ab9-7dcb-4069-b3dc-cda781aee38e.webm,,2 🏔️ Landscape/2 🧑‍🦰 User landscape/08 🔐 Passwordless ID landscape/02 📺 FIDO passkeys.md
aee49236-3d96-455d-8da8-713ee4a62f08,https://github.com/user-attachments/assets/aee49236-3d96-455d-8da8-713ee4a62f08,400170082-8ce7dfb8-315c-4d05-885a-43a7840176d6.webm,asset_aee49236-3d96-455d-8da8-713ee4a62f08.webm,,2 🏔️ Landscape/2 🧑‍🦰 User landscape/08 🔐 Passwordless ID landscape/05 📺 Financial industry.md
af8e6454-14d6-4bef-9121-6173e35164f7,https://github.com/user-attachments/assets/af8e6454-14d6-4bef-9121-6173e35164f7,399592588-b0266aa6-3e33-45eb-82e3-ffff6db903aa.webm,asset_af8e6454-14d6-4bef-9121-6173e35164f7.webm,,2 🏔️ Landscape/3 🌳 Ambient landscape/01 🏡 Smart Homes/13 📺 Amazon Sidewalk.md
afe3b50b-a8ab-447c-99a1-555544d8af65,https://github.com/user-attachments/assets/afe3b50b-a8ab-447c-99a1-555544d8af65,405036561-ffa890d8-78e0-432c-9bd1-bc8c90105f62.webm,asset_afe3b50b-a8ab-447c-99a1-555544d8af65.webm,,2 🏔️ Landscape/3 🌳 Ambient landscape/01 🏡 Smart Homes/14 📺 Matter protocol.md
b18d7a5d-e80d-44f6-b4eb-ba49320e8601,https://github.com/user-attachments/assets/b18d7a5d-e80d-44f6-b4eb-ba49320e8601,100mb-400407603-e21ff580-af9a-487c-a5a7-10037fac74c0.webm,asset_b18d7a5d-e80d-44f6-b4eb-ba49320e8601.webm,,2 🏔️ Landscape/1 💼 Business landscape/06 📂 App pay landscape/14 📺 🇺🇸 P2P Venmo.md
b1d67d4f-6bf1-4ad0-bab3-8dd4bde69b21,https://github.com/user-attachments/assets/b1d67d4f-6bf1-4ad0-bab3-8dd4bde69b21,379916740-80b4de8b-8ca6-4199-814f-9d388ea7ad17.webm,asset_b1d67d4f-6bf1-4ad0-bab3-8dd4bde69b21.webm,,2 🏔️ Landscape/2 🧑‍🦰 User landscape/08 🔐 Passwordless ID landscape/04 📺 Microsoft passkeys.md
b33d6b08-922a-4c65-a97d-1af48071efb2,https://github.com/user-attachments/assets/b33d6b08-922a-4c65-a97d-1af48071efb2,404597134-201849d9-f384-42c5-8a1c-bf024f071dcd.webm,asset_b33d6b08-922a-4c65-a97d-1af48071efb2.webm,,2 🏔️ Landscape/2 🧑‍🦰 User landscape/09 🔏 Signatures landscape/02 📺 Signature regulations.md
b4abc052-1be6-42a0-95c2-ef952dd470ee,https://github.com/user-attachments/assets/b4abc052-1be6-42a0-95c2-ef952dd470ee,404697068-c2190acc-70a8-4839-b2e1-7043e2d2203d.webm,asset_b4abc052-1be6-42a0-95c2-ef952dd470ee.webm,,2 🏔️ Landscape/1 💼 Business landscape/11 🔆 Scanning landscape/13 📺 NFC tap distance.md
b57d957b-cb63-4f3a-9711-4c68162494ea,https://github.com/user-attachments/assets/b57d957b-cb63-4f3a-9711-4c68162494ea,400246816-055529fa-37eb-4cd5-8e33-8b6b0cad3648.webm,asset_b57d957b-cb63-4f3a-9711-4c68162494ea.webm,,2 🏔️ Landscape/2 🧑‍🦰 User landscape/04 🆔 Digital ID landscape/03 📺 Meta's verified ID.md
b585d3ed-b75f-47f3-bc16-74b65c561c6f,https://github.com/user-attachments/assets/b585d3ed-b75f-47f3-bc16-74b65c561c6f,400533709-bd2c2c60-477f-42ea-b929-e01b136b5c14.webm,asset_b585d3ed-b75f-47f3-bc16-74b65c561c6f.webm,,2 🏔️ Landscape/1 💼 Business landscape/08 🗓️ Subscriptions landscape/06 📺 Square store.md
b59d60b1-8079-4477-abda-b15686630bd5,https://github.com/user-attachments/assets/b59d60b1-8079-4477-abda-b15686630bd5,404704263-6c2a257e-86b0-4f2f-a416-a62c25dbe616.webm,asset_b59d60b1-8079-4477-abda-b15686630bd5.webm,,2 🏔️ Landscape/3 🌳 Ambient landscape/02 🔑 Smart Keys/02 📺 Fob keys.md
b5f032ba-2f27-4a13-88c0-7ff3d986c6a7,https://github.com/user-attachments/assets/b5f032ba-2f27-4a13-88c0-7ff3d986c6a7,100mb-420088672-737304b5-9f30-4df1-8b81-f0118cf61e09.webm,asset_b5f032ba-2f27-4a13-88c0-7ff3d986c6a7.webm,,2 🏔️ Landscape/2 🧑‍🦰 User landscape/08 🔐 Passwordless ID landscape/08 📺 Global Identity Crisis.md
b67e6a65-5855-45e2-8566-5b4d4d90aa2d,https://github.com/user-attachments/assets/b67e6a65-5855-45e2-8566-5b4d4d90aa2d,406696464-4f965138-12b8-4e2e-adf3-2f456f1b35db.webm,asset_b67e6a65-5855-45e2-8566-5b4d4d90aa2d.webm,,2 🏔️ Landscape/3 🌳 Ambient landscape/02 🔑 Smart Keys/08 📺 Biometrics access.md
b7658c00-e25f-4458-a147-8c64476bb66c,https://github.com/user-attachments/assets/b7658c00-e25f-4458-a147-8c64476bb66c,100mb-400485109-772f0cf7-00f0-4da2-8067-1b255ad91a6b.webm,asset_b7658c00-e25f-4458-a147-8c64476bb66c.webm,,2 🏔️ Landscape/1 💼 Business landscape/07 🖐️ Palm pay landscape/03 📺 Just Walk Out.md
b77fd1fb-7e19-4e77-a0e7-140d8cef670d,https://github.com/user-attachments/assets/b77fd1fb-7e19-4e77-a0e7-140d8cef670d,404704377-9e00a0a7-0996-4b1f-97c9-41518af05fee.webm,asset_b77fd1fb-7e19-4e77-a0e7-140d8cef670d.webm,,2 🏔️ Landscape/1 💼 Business landscape/11 🔆 Scanning landscape/04 📺 QR dynamic url.md
b82d4a74-3f4b-4d13-9170-7f8674315bc3,https://github.com/user-attachments/assets/b82d4a74-3f4b-4d13-9170-7f8674315bc3,406763014-4024cdee-30cb-4e9a-9329-7153da3356df.webm,asset_b82d4a74-3f4b-4d13-9170-7f8674315bc3.webm,,2 🏔️ Landscape/3 🌳 Ambient landscape/03 ❤️ Smart Health/04 📺 NVIDIA.md
b878d4fd-1564-4615-9c44-260997cbc9db,https://github.com/user-attachments/assets/b878d4fd-1564-4615-9c44-260997cbc9db,404305014-e6cc810c-c677-4171-95ba-bf380888b390.webm,asset_b878d4fd-1564-4615-9c44-260997cbc9db.webm,,2 🏔️ Landscape/1 💼 Business landscape/04 👀 Advertising landscape/05 📺 Meta ads on apps.md
b91548be-573e-4f0d-b82e-0713817bf458,https://github.com/user-attachments/assets/b91548be-573e-4f0d-b82e-0713817bf458,404704256-5bb89ee1-2656-4a48-beb8-a42304b5e1a6.webm,asset_b91548be-573e-4f0d-b82e-0713817bf458.webm,,2 🏔️ Landscape/1 💼 Business landscape/11 🔆 Scanning landscape/14 📺 NFC in clothing.md
b91f711d-80e6-4cca-9910-46594524917d,https://github.com/user-attachments/assets/b91f711d-80e6-4cca-9910-46594524917d,379486982-819fd92b-8894-447e-b4c4-64cb149e0eaa.webm,asset_b91f711d-80e6-4cca-9910-46594524917d.webm,,2 🏔️ Landscape/2 🧑‍🦰 User landscape/04 🆔 Digital ID landscape/06 📺 🇨🇦 Canada's DID.md
ba1581f6-7dc6-4db6-bbc6-4d1b8bd22e6e,https://github.com/user-attachments/assets/ba1581f6-7dc6-4db6-bbc6-4d1b8bd22e6e,380417129-ab9fc8a4-f94c-4f72-9aca-7e874174c516.webm,asset_ba1581f6-7dc6-4db6-bbc6-4d1b8bd22e6e.webm,,2 🏔️ Landscape/1 💼 Business landscape/07 🖐️ Palm pay landscape/02 📺 Amazon One.md
bb5d6401-7f49-47aa-b720-1a289711d513,https://github.com/user-attachments/assets/bb5d6401-7f49-47aa-b720-1a289711d513,405003166-27753f89-fdb8-4a7c-8e1d-ef3e0d642828.webm,asset_bb5d6401-7f49-47aa-b720-1a289711d513.webm,,2 🏔️ Landscape/2 🧑‍🦰 User landscape/10 🤖 Agentic AI landscape/09 📺 Google agents.md
bd1a1c5f-27ce-4bab-bdda-538cd4fbf58e,https://github.com/user-attachments/assets/bd1a1c5f-27ce-4bab-bdda-538cd4fbf58e,404680826-3a6568f5-76df-484a-b9d8-476aa3161c75.webm,asset_bd1a1c5f-27ce-4bab-bdda-538cd4fbf58e.webm,,2 🏔️ Landscape/2 🧑‍🦰 User landscape/02 🧢 Personalization landscape/10 📺 COVID.md
bdb471f3-3de9-487a-88ef-8440229321dc,https://github.com/user-attachments/assets/bdb471f3-3de9-487a-88ef-8440229321dc,404684669-7aa08543-1347-4f66-b391-1bfa2d20ef28.webm,asset_bdb471f3-3de9-487a-88ef-8440229321dc.webm,,2 🏔️ Landscape/2 🧑‍🦰 User landscape/07 🧑‍💻 Unsupervised ID landscape/08 📺 Deep fakes.md
bf954e1a-f429-478c-abca-f5c2183ece48,https://github.com/user-attachments/assets/bf954e1a-f429-478c-abca-f5c2183ece48,420087460-3a3f517b-b1ef-4fc0-9299-339ec4417ab1.webm,asset_bf954e1a-f429-478c-abca-f5c2183ece48.webm,,2 🏔️ Landscape/1 💼 Business landscape/04 👀 Advertising landscape/16 📺 Gmail priority inbox.md;2 🏔️ Landscape/1 💼 Business landscape/06 📂 App pay landscape/01 📺 🇺🇸 Apple Pay.md
bfc3ea86-3a53-48ea-9b7f-75a278d5a72a,https://github.com/user-attachments/assets/bfc3ea86-3a53-48ea-9b7f-75a278d5a72a,379802151-91f5fd4b-2c3c-4d98-a60b-9aa92c299c3d.webm,asset_bfc3ea86-3a53-48ea-9b7f-75a278d5a72a.webm,,2 🏔️ Landscape/2 🧑‍🦰 User landscape/06 👮 Supervised ID landscape/04 📺 🇺🇸 US airports.md
c12bc774-7a13-4505-8a91-bc5b9076ca71,https://github.com/user-attachments/assets/c12bc774-7a13-4505-8a91-bc5b9076ca71,05 📺 Smart padlocks__c12bc774-7a13-4505-8a91-bc5b9076ca71.webm,asset_c12bc774-7a13-4505-8a91-bc5b9076ca71.webm,,2 🏔️ Landscape/3 🌳 Ambient landscape/02 🔑 Smart Keys/05 📺 Smart padlocks.md
c23c9135-cafb-4338-982b-50dcd8dfe0b7,https://github.com/user-attachments/assets/c23c9135-cafb-4338-982b-50dcd8dfe0b7,403176508-49e1b125-a7dc-4cf0-85e8-020814f1b055.webm,asset_c23c9135-cafb-4338-982b-50dcd8dfe0b7.webm,,2 🏔️ Landscape/1 💼 Business landscape/03 🔎 Searching landscape/06 📺 🇨🇳 Baidu vs Google.md
c2cb185c-515f-4804-bfb2-20b12d2fd36a,https://github.com/user-attachments/assets/c2cb185c-515f-4804-bfb2-20b12d2fd36a,400418796-dc5cdcc2-906d-4807-918d-9a0c81bb81ca.webm,asset_c2cb185c-515f-4804-bfb2-20b12d2fd36a.webm,,2 🏔️ Landscape/1 💼 Business landscape/05 💳 Payments landscape/12 📺 Meta's Libra.md
c32f87ad-9f6c-46dd-87bf-77590a9b5981,https://github.com/user-attachments/assets/c32f87ad-9f6c-46dd-87bf-77590a9b5981,403080265-83dd031d-ce75-4f24-84ca-f841bbb58b06.webm,asset_c32f87ad-9f6c-46dd-87bf-77590a9b5981.webm,,2 🏔️ Landscape/1 💼 Business landscape/01 🕵 Profiling landscape/04 📺 Big techs in finance.md
c47f49da-d326-4856-bc83-53c017027dc5,https://github.com/user-attachments/assets/c47f49da-d326-4856-bc83-53c017027dc5,401292404-4b0e32b3-ca60-4bd8-a66b-75f88a0bfb97.webm,asset_c47f49da-d326-4856-bc83-53c017027dc5.webm,,2 🏔️ Landscape/2 🧑‍🦰 User landscape/01 🛰️ Connectivity landscape/05 📺 6G internet.md
c56ca88f-b37a-4ea9-932e-a8cb99f55af5,https://github.com/user-attachments/assets/c56ca88f-b37a-4ea9-932e-a8cb99f55af5,400094714-64f506d3-e4e5-4883-917d-8c52898a8f22.webm,asset_c56ca88f-b37a-4ea9-932e-a8cb99f55af5.webm,,2 🏔️ Landscape/2 🧑‍🦰 User landscape/03 🛂 Travel ID landscape/06 📺 🇮🇳 India's DigiYatra.md
c65861e2-0765-47eb-a92c-3d6567f3fed3,https://github.com/user-attachments/assets/c65861e2-0765-47eb-a92c-3d6567f3fed3,387421012-3f72e10c-db5d-41d1-ab3e-d6b200f4809c.webm,asset_c65861e2-0765-47eb-a92c-3d6567f3fed3.webm,,2 🏔️ Landscape/3 🌳 Ambient landscape/01 🏡 Smart Homes/02 📺 Arm's vision.md
c6e93229-a1d2-40cc-a6d9-e90087159769,https://github.com/user-attachments/assets/c6e93229-a1d2-40cc-a6d9-e90087159769,BgRN5H6vdvo.webm,asset_c6e93229-a1d2-40cc-a6d9-e90087159769.webm,,2 🏔️ Landscape/1 💼 Business landscape/11 🔆 Scanning landscape/01 📺 Product IDs.md
c708cea0-93df-4399-9d3b-853fdebd80c1,https://github.com/user-attachments/assets/c708cea0-93df-4399-9d3b-853fdebd80c1,400026832-c370e7f3-efd9-4a59-8922-1ce4097d0ac9.webm,asset_c708cea0-93df-4399-9d3b-853fdebd80c1.webm,https://www.youtube.com/watch?v=BeD0msHCks0,2 🏔️ Landscape/1 💼 Business landscape/04 👀 Advertising landscape/10 📺 Google on 3P cookies.md
c7490799-6f04-4af9-a49e-d6ed5c707ae4,https://github.com/user-attachments/assets/c7490799-6f04-4af9-a49e-d6ed5c707ae4,406620191-afc01448-00a3-4436-baed-ce1c54212e26.webm,asset_c7490799-6f04-4af9-a49e-d6ed5c707ae4.webm,,2 🏔️ Landscape/3 🌳 Ambient landscape/01 🏡 Smart Homes/05 📺 Apple's vision.md
ca420144-1d27-4a7f-b0b6-5bb23b4c2a13,https://github.com/user-attachments/assets/ca420144-1d27-4a7f-b0b6-5bb23b4c2a13,400090431-5a7fc667-6099-491b-b155-d75d201f6f18.webm,asset_ca420144-1d27-4a7f-b0b6-5bb23b4c2a13.webm,,2 🏔️ Landscape/2 🧑‍🦰 User landscape/03 🛂 Travel ID landscape/02 📺 IDEMIA's DTC-1.md
cab51613-195c-44d2-937b-3e68143d667d,https://github.com/user-attachments/assets/cab51613-195c-44d2-937b-3e68143d667d,380797789-618a031b-c81c-41fb-9812-55b513ce8f42.webm,asset_cab51613-195c-44d2-937b-3e68143d667d.webm,,2 🏔️ Landscape/1 💼 Business landscape/06 📂 App pay landscape/12 📺 🇬🇧 Samsung Pay+.md
cac95991-b410-4fb8-8f83-07341f697536,https://github.com/user-attachments/assets/cac95991-b410-4fb8-8f83-07341f697536,400799794-590d84be-2442-476d-8269-ff74f8115146.webm,asset_cac95991-b410-4fb8-8f83-07341f697536.webm,,2 🏔️ Landscape/1 💼 Business landscape/10 💬 Chatting landscape/03 📺 Google chats.md
cb8ababd-ca9b-4dc6-bc23-86fb51b32597,https://github.com/user-attachments/assets/cb8ababd-ca9b-4dc6-bc23-86fb51b32597,405775630-938e0cc3-e04e-41f2-b492-e7f9133a8583.webm,asset_cb8ababd-ca9b-4dc6-bc23-86fb51b32597.webm,,2 🏔️ Landscape/3 🌳 Ambient landscape/02 🔑 Smart Keys/05 📺 Smart padlocks.md
cbed4a39-7773-4de1-bf57-921d7a5cac48,https://github.com/user-attachments/assets/cbed4a39-7773-4de1-bf57-921d7a5cac48,00 🔆 Scanning index__cbed4a39-7773-4de1-bf57-921d7a5cac48.webm,asset_cbed4a39-7773-4de1-bf57-921d7a5cac48.webm,,2 🏔️ Landscape/1 💼 Business landscape/11 🔆 Scanning landscape/00 🔆 Scanning index.md
cc1d5cbf-1d74-4c27-bbfd-69d7438507a6,https://github.com/user-attachments/assets/cc1d5cbf-1d74-4c27-bbfd-69d7438507a6,403181480-75bfb4d7-627a-4784-a609-3a4ad3f9a968.webm,asset_cc1d5cbf-1d74-4c27-bbfd-69d7438507a6.webm,,2 🏔️ Landscape/1 💼 Business landscape/03 🔎 Searching landscape/07 📺 TikTok vs Google.md
cd599205-519c-4468-84b7-473a2dd2fccb,https://github.com/user-attachments/assets/cd599205-519c-4468-84b7-473a2dd2fccb,100mb-400532744-bbe193ef-2823-445f-ad05-e20af3bbe7b2.webm,asset_cd599205-519c-4468-84b7-473a2dd2fccb.webm,,2 🏔️ Landscape/1 💼 Business landscape/08 🗓️ Subscriptions landscape/02 📺 Consumer frictions.md
cdbec1e8-1914-405e-82fb-6a41fab6d507,https://github.com/user-attachments/assets/cdbec1e8-1914-405e-82fb-6a41fab6d507,404706880-71273f17-b689-4cf5-b5b5-42ba1a728576.webm,asset_cdbec1e8-1914-405e-82fb-6a41fab6d507.webm,,2 🏔️ Landscape/3 🌳 Ambient landscape/01 🏡 Smart Homes/09 📺 Air charge tech.md
cdd2989b-099e-4fb6-8038-720ad6086f59,https://github.com/user-attachments/assets/cdd2989b-099e-4fb6-8038-720ad6086f59,400088031-7efec767-c2f6-447a-8866-34a2b87b5bea.webm,asset_cdd2989b-099e-4fb6-8038-720ad6086f59.webm,,2 🏔️ Landscape/2 🧑‍🦰 User landscape/03 🛂 Travel ID landscape/03 📺 Amadeus Travel Ready.md
d015b96f-e724-4eb1-ae1c-0e798652f02e,https://github.com/user-attachments/assets/d015b96f-e724-4eb1-ae1c-0e798652f02e,404704315-354028b0-e245-4f36-80dc-1061405fbaf3.webm,asset_d015b96f-e724-4eb1-ae1c-0e798652f02e.webm,,2 🏔️ Landscape/1 💼 Business landscape/11 🔆 Scanning landscape/12 📺 NFC tamper aware.md
d12c664c-bdb1-48b4-b2cf-c8262cf572b7,https://github.com/user-attachments/assets/d12c664c-bdb1-48b4-b2cf-c8262cf572b7,07 📺 Top smart locks__d12c664c-bdb1-48b4-b2cf-c8262cf572b7.webm,asset_d12c664c-bdb1-48b4-b2cf-c8262cf572b7.webm,,2 🏔️ Landscape/3 🌳 Ambient landscape/02 🔑 Smart Keys/07 📺 Top smart locks.md
d12d417b-b93b-41a7-a231-9a2a4e925229,https://github.com/user-attachments/assets/d12d417b-b93b-41a7-a231-9a2a4e925229,00 🔆 Scanning index__d12d417b-b93b-41a7-a231-9a2a4e925229.webm,asset_d12d417b-b93b-41a7-a231-9a2a4e925229.webm,,2 🏔️ Landscape/1 💼 Business landscape/11 🔆 Scanning landscape/00 🔆 Scanning index.md
d444b72f-a914-4953-9e43-b90498643ee6,https://github.com/user-attachments/assets/d444b72f-a914-4953-9e43-b90498643ee6,400151563-d649fca0-bee3-456b-bef9-854557363a74.webm,asset_d444b72f-a914-4953-9e43-b90498643ee6.webm,,2 🏔️ Landscape/2 🧑‍🦰 User landscape/06 👮 Supervised ID landscape/10 📺 Amazon One fitness.md
d5127d43-d504-44fc-9288-34e01eddbb7f,https://github.com/user-attachments/assets/d5127d43-d504-44fc-9288-34e01eddbb7f,100mb-403135654-9e3fe729-3d6c-49c6-9d1c-3aa1887438bf.webm,asset_d5127d43-d504-44fc-9288-34e01eddbb7f.webm,,2 🏔️ Landscape/1 💼 Business landscape/01 🕵 Profiling landscape/14 📺 🇺🇸 Financial credit.md
d6a810d8-fdf6-4fef-9bea-ad107913f0bc,https://github.com/user-attachments/assets/d6a810d8-fdf6-4fef-9bea-ad107913f0bc,406762995-0cd5f017-4ddd-45a3-b726-670c5d395ce6.webm,asset_d6a810d8-fdf6-4fef-9bea-ad107913f0bc.webm,,2 🏔️ Landscape/3 🌳 Ambient landscape/03 ❤️ Smart Health/02 📺 Hospitals' opinion.md
d72f7ae1-d8ad-4f99-827d-7c3e9b89f368,https://github.com/user-attachments/assets/d72f7ae1-d8ad-4f99-827d-7c3e9b89f368,400881731-e39abaac-264b-47aa-b34c-b4970b1a2539.webm,asset_d72f7ae1-d8ad-4f99-827d-7c3e9b89f368.webm,,2 🏔️ Landscape/1 💼 Business landscape/09 🛒 Shopping landscape/05 📺 🇨🇳 WeChat platforms.md
d7a18958-013c-45ff-b57e-7a46a49ab48b,https://github.com/user-attachments/assets/d7a18958-013c-45ff-b57e-7a46a49ab48b,401289541-60688758-7f46-4cf5-860c-29525c706682.webm,asset_d7a18958-013c-45ff-b57e-7a46a49ab48b.webm,,2 🏔️ Landscape/2 🧑‍🦰 User landscape/01 🛰️ Connectivity landscape/03 📺 Starlink @ phones.md
d8b70e7a-03d5-45ca-aea1-ae29e95c0afb,https://github.com/user-attachments/assets/d8b70e7a-03d5-45ca-aea1-ae29e95c0afb,415685906-4e16fbf6-a628-4aa9-aca2-48ac38905a28.webm,asset_d8b70e7a-03d5-45ca-aea1-ae29e95c0afb.webm,,2 🏔️ Landscape/3 🌳 Ambient landscape/04 😎 Smart glasses/05 📺 Meta's Ray-Ban.md
d91aa3ad-b321-455a-89b9-08aec7c41d30,https://github.com/user-attachments/assets/d91aa3ad-b321-455a-89b9-08aec7c41d30,406749278-763e71ac-cf65-40e8-ba86-416b4bb19e95.webm,asset_d91aa3ad-b321-455a-89b9-08aec7c41d30.webm,,2 🏔️ Landscape/3 🌳 Ambient landscape/03 ❤️ Smart Health/03 📺 Journalists' opinion.md
dade0387-e439-4a2a-9ac7-81f80ab97aae,https://github.com/user-attachments/assets/dade0387-e439-4a2a-9ac7-81f80ab97aae,405785931-bc458f11-b0f3-4203-951f-196848c44fec.webm,asset_dade0387-e439-4a2a-9ac7-81f80ab97aae.webm,,2 🏔️ Landscape/2 🧑‍🦰 User landscape/05 📂 ID Wallets landscape/02 📺 CA DMV Wallet mDL.md
dc0c830c-e96e-40a8-9cfe-055755524789,https://github.com/user-attachments/assets/dc0c830c-e96e-40a8-9cfe-055755524789,406754400-81895bd0-b2e5-4801-9c73-db3e79a693b5.webm,asset_dc0c830c-e96e-40a8-9cfe-055755524789.webm,,2 🏔️ Landscape/3 🌳 Ambient landscape/03 ❤️ Smart Health/10 📺 Data sharing.md
ddfb86ad-7e70-47a0-a847-ee1b6c3e60d4,https://github.com/user-attachments/assets/ddfb86ad-7e70-47a0-a847-ee1b6c3e60d4,387420071-48ec953b-3ff8-48ca-aa42-7f7e2ea3a3c4.webm,asset_ddfb86ad-7e70-47a0-a847-ee1b6c3e60d4.webm,,2 🏔️ Landscape/2 🧑‍🦰 User landscape/10 🤖 Agentic AI landscape/07 📺 AWS Bedrock.md
dfcd3b01-7bf9-437b-bbea-8c0c0d05c224,https://github.com/user-attachments/assets/dfcd3b01-7bf9-437b-bbea-8c0c0d05c224,404942097-3be01bc5-5d82-4617-8cf1-1c513135f914.webm,asset_dfcd3b01-7bf9-437b-bbea-8c0c0d05c224.webm,,2 🏔️ Landscape/2 🧑‍🦰 User landscape/10 🤖 Agentic AI landscape/04 📺 OpenAI's vision.md
e190c55a-3ae0-4ede-b67c-c1ae5ed05b2a,https://github.com/user-attachments/assets/e190c55a-3ae0-4ede-b67c-c1ae5ed05b2a,399592223-12cbb7e5-b4b8-4d0a-b1f1-420a2c109f0b.webm,asset_e190c55a-3ae0-4ede-b67c-c1ae5ed05b2a.webm,,2 🏔️ Landscape/2 🧑‍🦰 User landscape/02 🧢 Personalization landscape/05 📺 Berners-Lee vaults.md
e290ee94-0824-4e13-b9e5-b015f7b9f26e,https://github.com/user-attachments/assets/e290ee94-0824-4e13-b9e5-b015f7b9f26e,403135305-9e9af4c0-5fd1-4d38-b3ac-4552b28373d0.webm,asset_e290ee94-0824-4e13-b9e5-b015f7b9f26e.webm,,2 🏔️ Landscape/1 💼 Business landscape/10 💬 Chatting landscape/09 📺 WhatsApp monetize.md
e32e6f23-ea88-4d53-9405-03459aba2808,https://github.com/user-attachments/assets/e32e6f23-ea88-4d53-9405-03459aba2808,400246537-55f5f7e1-9d1d-439f-b283-96b000cbecbe.webm,asset_e32e6f23-ea88-4d53-9405-03459aba2808.webm,,2 🏔️ Landscape/2 🧑‍🦰 User landscape/04 🆔 Digital ID landscape/02 📺 X's verified ID.md
e342e0d2-5c1c-4bc6-8a82-7b7356e79875,https://github.com/user-attachments/assets/e342e0d2-5c1c-4bc6-8a82-7b7356e79875,404704305-1ae21701-3f96-4e39-ba9c-7314629acb5d.webm,asset_e342e0d2-5c1c-4bc6-8a82-7b7356e79875.webm,,2 🏔️ Landscape/1 💼 Business landscape/11 🔆 Scanning landscape/11 📺 NFC authentication.md
e3b5e8a3-eac8-4ee9-a7d2-b39091bca567,https://github.com/user-attachments/assets/e3b5e8a3-eac8-4ee9-a7d2-b39091bca567,404706860-ebe81b73-22e8-40ef-bb33-94978a6974c3.webm,asset_e3b5e8a3-eac8-4ee9-a7d2-b39091bca567.webm,,2 🏔️ Landscape/3 🌳 Ambient landscape/02 🔑 Smart Keys/03 📺 Security badges.md
e52ea1ac-fa33-43f3-b270-5358b0db247a,https://github.com/user-attachments/assets/e52ea1ac-fa33-43f3-b270-5358b0db247a,400170180-acde7a89-90a9-4162-846e-e54520749267.webm,asset_e52ea1ac-fa33-43f3-b270-5358b0db247a.webm,,2 🏔️ Landscape/2 🧑‍🦰 User landscape/08 🔐 Passwordless ID landscape/06 📺 Wi-fi easy connect.md
e5d3f1de-a116-4f92-a3d7-55b4df81c6c9,https://github.com/user-attachments/assets/e5d3f1de-a116-4f92-a3d7-55b4df81c6c9,406357857-bdcef291-e610-4e7d-84fe-402a2425f9f6.webm,asset_e5d3f1de-a116-4f92-a3d7-55b4df81c6c9.webm,,2 🏔️ Landscape/3 🌳 Ambient landscape/01 🏡 Smart Homes/04 📺 Google's vision.md
e69ab0f3-f6e5-46f7-9bab-1ecf86b0ba3e,https://github.com/user-attachments/assets/e69ab0f3-f6e5-46f7-9bab-1ecf86b0ba3e,00 🔑 Smart Keys__e69ab0f3-f6e5-46f7-9bab-1ecf86b0ba3e.webm,asset_e69ab0f3-f6e5-46f7-9bab-1ecf86b0ba3e.webm,,2 🏔️ Landscape/3 🌳 Ambient landscape/02 🔑 Smart Keys/00 🔑 Smart Keys.md
e94bbe12-4628-466b-8975-4c96f194c40a,https://github.com/user-attachments/assets/e94bbe12-4628-466b-8975-4c96f194c40a,403177143-7798dcd1-94f5-4afa-8088-070c0875f461.webm,asset_e94bbe12-4628-466b-8975-4c96f194c40a.webm,,2 🏔️ Landscape/1 💼 Business landscape/03 🔎 Searching landscape/03 📺 🇨🇳 Google in China.md
e9ffd6ff-ff25-4978-9d08-c3587164df39,https://github.com/user-attachments/assets/e9ffd6ff-ff25-4978-9d08-c3587164df39,400163003-77e47d43-3258-47d6-922d-67351fd7b465.webm,asset_e9ffd6ff-ff25-4978-9d08-c3587164df39.webm,,2 🏔️ Landscape/2 🧑‍🦰 User landscape/07 🧑‍💻 Unsupervised ID landscape/04 📺 🇸🇬 OCBC Bank.md
eae670ab-682b-40f3-a2c2-b7d2c24d75a6,https://github.com/user-attachments/assets/eae670ab-682b-40f3-a2c2-b7d2c24d75a6,380408528-51eb8500-c34a-4218-bb53-0297b7b105c6.webm,asset_eae670ab-682b-40f3-a2c2-b7d2c24d75a6.webm,,2 🏔️ Landscape/1 💼 Business landscape/05 💳 Payments landscape/04 📺 🌍 Africa's PAPSS.md
ec66a859-2aa1-475f-9cef-2d8608b32ebf,https://github.com/user-attachments/assets/ec66a859-2aa1-475f-9cef-2d8608b32ebf,405002926-2cac80a1-40fc-4415-9a49-87952be47d43.webm,asset_ec66a859-2aa1-475f-9cef-2d8608b32ebf.webm,,2 🏔️ Landscape/3 🌳 Ambient landscape/02 🔑 Smart Keys/06 📺 Smart lock safety.md
efb74b6c-fb17-4f3e-a343-b014b6ae2982,https://github.com/user-attachments/assets/efb74b6c-fb17-4f3e-a343-b014b6ae2982,415686352-6eea7e6a-6928-40f0-8077-e3aefcd74261.webm,asset_efb74b6c-fb17-4f3e-a343-b014b6ae2982.webm,,2 🏔️ Landscape/3 🌳 Ambient landscape/04 😎 Smart glasses/03 📺 Apple Vision Pro.md
f04e21a4-a9fe-4806-89ff-ae4c901871c8,https://github.com/user-attachments/assets/f04e21a4-a9fe-4806-89ff-ae4c901871c8,404942045-3d31e421-b856-4640-868d-c30a661bb078.webm,asset_f04e21a4-a9fe-4806-89ff-ae4c901871c8.webm,,2 🏔️ Landscape/2 🧑‍🦰 User landscape/10 🤖 Agentic AI landscape/01 📺 Google haircut.md
f0b3b76e-5c2f-4001-aad9-acc26c67d1b0,https://github.com/user-attachments/assets/f0b3b76e-5c2f-4001-aad9-acc26c67d1b0,400563913-831bf8fd-44db-4952-89f3-40e94b516ad7.webm,asset_f0b3b76e-5c2f-4001-aad9-acc26c67d1b0.webm,,2 🏔️ Landscape/1 💼 Business landscape/08 🗓️ Subscriptions landscape/04 📺 Apple Store.md
f0c37b69-5094-4831-b3ea-351cafe166ab,https://github.com/user-attachments/assets/f0c37b69-5094-4831-b3ea-351cafe166ab,403543631-a1043d2f-f51c-4422-b242-184c38c465c0.webm,asset_f0c37b69-5094-4831-b3ea-351cafe166ab.webm,,2 🏔️ Landscape/2 🧑‍🦰 User landscape/05 📂 ID Wallets landscape/03 📺 Open Source Wallet.md
f0d363d2-2bd8-416b-9a90-25e4a9043961,https://github.com/user-attachments/assets/f0d363d2-2bd8-416b-9a90-25e4a9043961,387423522-f8e03c0b-4578-461b-8bf0-6b807d6aa99c.webm,asset_f0d363d2-2bd8-416b-9a90-25e4a9043961.webm,,2 🏔️ Landscape/1 💼 Business landscape/09 🛒 Shopping landscape/06 📺 🇺🇸 US superapps.md
f131109e-ab1e-4301-8e68-b6d6d5751acd,https://github.com/user-attachments/assets/f131109e-ab1e-4301-8e68-b6d6d5751acd,380782569-bde496cb-a504-4a84-b7a4-0cd2cc7da08f.webm,asset_f131109e-ab1e-4301-8e68-b6d6d5751acd.webm,,2 🏔️ Landscape/1 💼 Business landscape/04 👀 Advertising landscape/06 📺 Amazon Ads.md
f2c9ddd9-089b-44e6-837c-850cd323dc76,https://github.com/user-attachments/assets/f2c9ddd9-089b-44e6-837c-850cd323dc76,07 📺 🇪🇺 Europe's GDPR__f2c9ddd9-089b-44e6-837c-850cd323dc76.webm,asset_f2c9ddd9-089b-44e6-837c-850cd323dc76.webm,,2 🏔️ Landscape/1 💼 Business landscape/02 🏳️ Sovereignty landscape/07 📺 🇪🇺 Europe's GDPR.md
f3e04283-7784-4097-94f1-3f0f7c6cfa02,https://github.com/user-attachments/assets/f3e04283-7784-4097-94f1-3f0f7c6cfa02,400533998-c00e00b3-d242-4296-99cc-ea3e752890be.webm,asset_f3e04283-7784-4097-94f1-3f0f7c6cfa02.webm,,2 🏔️ Landscape/1 💼 Business landscape/08 🗓️ Subscriptions landscape/07 📺 Stripe billing.md
f54e517f-e20d-49e1-9817-f2a00ccb2f58,https://github.com/user-attachments/assets/f54e517f-e20d-49e1-9817-f2a00ccb2f58,400166524-25824755-21dd-42db-acfd-3ac3535221f2.webm,asset_f54e517f-e20d-49e1-9817-f2a00ccb2f58.webm,,2 🏔️ Landscape/2 🧑‍🦰 User landscape/07 🧑‍💻 Unsupervised ID landscape/03 📺 🇸🇬 Singapore.md
f5f1d77a-3e82-4e92-af49-5a0ce1032aa9,https://github.com/user-attachments/assets/f5f1d77a-3e82-4e92-af49-5a0ce1032aa9,06 📺 🇨🇳 China's privacy law__f5f1d77a-3e82-4e92-af49-5a0ce1032aa9.webm,asset_f5f1d77a-3e82-4e92-af49-5a0ce1032aa9.webm,,2 🏔️ Landscape/1 💼 Business landscape/02 🏳️ Sovereignty landscape/06 📺 🇨🇳 China's privacy law.md
f68fa931-c408-4fdc-b98a-ab1fbd288864,https://github.com/user-attachments/assets/f68fa931-c408-4fdc-b98a-ab1fbd288864,415685509-7391743f-b8c7-46b7-94c6-b11e1e8d04f2.webm,asset_f68fa931-c408-4fdc-b98a-ab1fbd288864.webm,,2 🏔️ Landscape/3 🌳 Ambient landscape/04 😎 Smart glasses/04 📺 Android XR.md
f69fb77c-056a-4a3e-863b-1ac5d8e42bbf,https://github.com/user-attachments/assets/f69fb77c-056a-4a3e-863b-1ac5d8e42bbf,415687866-697322fc-6fee-4e5a-86d3-91d3330377d9.webm,asset_f69fb77c-056a-4a3e-863b-1ac5d8e42bbf.webm,,2 🏔️ Landscape/3 🌳 Ambient landscape/04 😎 Smart glasses/09 📺 OpenAI + Envision.md
f7906950-9e12-4641-ae7f-a6e4d07e329f,https://github.com/user-attachments/assets/f7906950-9e12-4641-ae7f-a6e4d07e329f,387424065-4b3e2ee0-a128-4fd2-894e-c72ff25a92aa.webm,asset_f7906950-9e12-4641-ae7f-a6e4d07e329f.webm,,2 🏔️ Landscape/3 🌳 Ambient landscape/03 ❤️ Smart Health/01 📺 Doctors' opinion.md
f88c43e8-db87-4e69-be71-1da40488fb25,https://github.com/user-attachments/assets/f88c43e8-db87-4e69-be71-1da40488fb25,403159634-bbe65ed5-30ad-4de9-8055-971b0fad84ca.webm,asset_f88c43e8-db87-4e69-be71-1da40488fb25.webm,,2 🏔️ Landscape/1 💼 Business landscape/01 🕵 Profiling landscape/15 📺 Uber 2-way rating.md
f93b19de-c1e3-4fd0-87ef-11ed91995c86,https://github.com/user-attachments/assets/f93b19de-c1e3-4fd0-87ef-11ed91995c86,379508712-4d3bc764-84d3-4764-b252-da75103313dd.webm,asset_f93b19de-c1e3-4fd0-87ef-11ed91995c86.webm,,2 🏔️ Landscape/2 🧑‍🦰 User landscape/04 🆔 Digital ID landscape/07 📺 🇨🇳 China's DID.md
f99f2b6f-9632-4033-8914-0f5399f2bc0e,https://github.com/user-attachments/assets/f99f2b6f-9632-4033-8914-0f5399f2bc0e,400154514-dc33d215-bdeb-4b54-918d-1d403d46db48.webm,asset_f99f2b6f-9632-4033-8914-0f5399f2bc0e.webm,,2 🏔️ Landscape/2 🧑‍🦰 User landscape/06 👮 Supervised ID landscape/05 📺 🇪🇺 EU entry-exit.md
fa2ad976-750f-4f54-8037-e921ddf8b8c9,https://github.com/user-attachments/assets/fa2ad976-750f-4f54-8037-e921ddf8b8c9,415776123-89ab1654-6bcf-4c17-8d26-1a27a8b3c5cf.webm,asset_fa2ad976-750f-4f54-8037-e921ddf8b8c9.webm,,2 🏔️ Landscape/3 🌳 Ambient landscape/05 🧠 Brain Interfaces/04 📺 Meta.md
fcdfd3e8-61e5-4c4d-8ee2-d556270e9fa5,https://github.com/user-attachments/assets/fcdfd3e8-61e5-4c4d-8ee2-d556270e9fa5,379912903-70f65957-fa3b-4420-887c-3fa615819ee7.webm,asset_fcdfd3e8-61e5-4c4d-8ee2-d556270e9fa5.webm,,2 🏔️ Landscape/2 🧑‍🦰 User landscape/06 👮 Supervised ID landscape/02 📺 🇰🇷 South Korea.md
fd2b7f8f-9d3b-4f81-a540-803bb1289977,https://github.com/user-attachments/assets/fd2b7f8f-9d3b-4f81-a540-803bb1289977,406432065-6b071b08-4eed-4062-ac6d-ef6ea0e5c16a.webm,asset_fd2b7f8f-9d3b-4f81-a540-803bb1289977.webm,,2 🏔️ Landscape/1 💼 Business landscape/11 🔆 Scanning landscape/05 📺 QR safety.md
fd560651-e8c4-4516-b61a-313befb8bbea,https://github.com/user-attachments/assets/fd560651-e8c4-4516-b61a-313befb8bbea,400145237-61f0cf0e-eb28-4bea-ad18-6151acba0ffa.webm,asset_fd560651-e8c4-4516-b61a-313befb8bbea.webm,,2 🏔️ Landscape/2 🧑‍🦰 User landscape/06 👮 Supervised ID landscape/03 📺 🇬🇧 UK airports.md
fdabe66e-cf95-43d9-a53c-6933fed02e58,https://github.com/user-attachments/assets/fdabe66e-cf95-43d9-a53c-6933fed02e58,404704343-8108a503-0f97-4910-8dcf-11d7583cb216.webm,asset_fdabe66e-cf95-43d9-a53c-6933fed02e58.webm,,2 🏔️ Landscape/1 💼 Business landscape/11 🔆 Scanning landscape/10 📺 NFC vs RFID.md
fe24d8ad-7dd4-4772-bf02-fb1da1bc9516,https://github.com/user-attachments/assets/fe24d8ad-7dd4-4772-bf02-fb1da1bc9516,388839489-6b30a443-bbc4-49c4-8c0a-1c21253f32a7.webm,asset_fe24d8ad-7dd4-4772-bf02-fb1da1bc9516.webm,,2 🏔️ Landscape/2 🧑‍🦰 User landscape/03 🛂 Travel ID landscape/08 📺 🇺🇸 TSA with iPhone.md;2 🏔️ Landscape/2 🧑‍🦰 User landscape/03 🛂 Travel ID landscape/09 📺 🇺🇸 TSA with Android.md
ffc6482b-fcec-40ac-884f-8efbcbc1e58f,https://github.com/user-attachments/assets/ffc6482b-fcec-40ac-884f-8efbcbc1e58f,100mb-403082923-1111eaa0-0a77-4026-a17d-ed5996568b5b.webm,asset_ffc6482b-fcec-40ac-884f-8efbcbc1e58f.webm,,2 🏔️ Landscape/2 🧑‍🦰 User landscape/02 🧢 Personalization landscape/02 📺 Top scams 2024.md
